,x,y,filename,fringe,rx,ry,angle,cluster
231,295,118,06240913_proc_00231.png,1.4015474319999999,40,33,86.51493946,4
232,297,121,06240913_proc_00232.png,1.4640686509999998,49,37,117.3663389,4
234,294,152,06240913_proc_00233.png,1.186348915,43,30,47.718611200000005,4
246,300,148,06240913_proc_00244.png,1.5037534240000001,41,33,102.8053796,4
258,294,107,06240913_proc_00254.png,1.7152569290000002,45,38,115.58018290000001,4
264,304,126,06240913_proc_00259.png,2.051198244,48,34,135.9063717,4
270,296,108,06240913_proc_00264.png,1.8018131259999999,39,31,175.9750647,4
276,313,112,06240913_proc_00269.png,3.034814358,49,41,7.010671369,4
279,317,153,06240913_proc_00272.png,1.7883541580000002,47,30,179.1644136,4
280,309,153,06240913_proc_00273.png,2.147106171,48,38,128.9046218,4
289,301,109,06240913_proc_00282.png,2.476482868,51,42,138.01106719999999,4
290,305,107,06240913_proc_00283.png,2.780405998,52,35,165.3303212,4
291,302,113,06240913_proc_00284.png,3.1996264460000003,48,40,118.0056787,4
294,300,148,06240913_proc_00287.png,2.935199261,50,37,138.5119898,4
300,313,152,06240913_proc_00292.png,2.05046773,43,33,144.8104829,4
305,315,114,06240913_proc_00297.png,3.2894523139999996,50,39,156.03175290000001,4
306,308,117,06240913_proc_00298.png,3.206537724,51,35,170.1927679,4
309,306,123,06240913_proc_00300.png,4.31940937,56,46,123.44503300000001,4
315,305,146,06240913_proc_00305.png,2.697676897,53,37,14.06132325,4
317,309,150,06240913_proc_00306.png,3.077455282,48,37,158.37852560000002,4
318,301,147,06240913_proc_00307.png,1.970428944,45,32,169.59411459999998,4
319,305,148,06240913_proc_00308.png,1.9941952230000002,47,33,175.83394109999998,4
320,304,126,06240913_proc_00309.png,4.572663307,62,48,17.580970100000002,4
323,312,103,06240913_proc_00311.png,3.5178568360000004,47,36,143.5298566,4
329,326,111,06240913_proc_00316.png,4.222680092,57,38,161.77617759999998,4
331,313,106,06240913_proc_00317.png,4.7179212569999995,55,43,164.5973326,4
334,317,151,06240913_proc_00320.png,2.9534308910000004,46,34,147.7513916,4
335,309,154,06240913_proc_00321.png,4.0061903,50,38,160.0639738,4
336,306,157,06240913_proc_00322.png,2.724882603,46,34,155.1814575,4
339,310,114,06240913_proc_00325.png,4.515063286,53,36,160.1941726,4
342,297,125,06240913_proc_00328.png,5.1009082789999995,60,47,118.535032,4
344,316,118,06240913_proc_00330.png,3.948366642,46,34,139.4064885,4
345,318,158,06240913_proc_00330.png,2.947627068,43,33,143.2993855,4
347,310,107,06240913_proc_00331.png,3.679874897,50,38,150.06782980000003,4
351,302,146,06240913_proc_00335.png,3.143363953,56,35,169.5518946,4
352,303,127,06240913_proc_00336.png,3.746472836,55,38,169.2444388,4
356,317,151,06240913_proc_00340.png,2.98857379,49,37,168.8744611,4
364,312,155,06240913_proc_00348.png,2.412308455,48,36,142.64956130000002,4
366,313,148,06240913_proc_00349.png,3.2656803130000003,46,34,144.9592478,4
367,309,147,06240913_proc_00350.png,3.188542604,48,38,147.66579230000002,4
372,309,118,06240913_proc_00354.png,4.706244469,57,39,167.11820769999997,4
374,311,127,06240913_proc_00355.png,4.491996288,58,33,171.6164815,4
380,317,113,06240913_proc_00359.png,3.1316719060000002,45,33,161.97627480000003,4
381,305,156,06240913_proc_00359.png,2.300006866,44,34,168.7695477,4
387,311,132,06240913_proc_00364.png,5.024908066,62,43,2.6305461869999998,4
391,309,151,06240913_proc_00368.png,3.268738747,54,37,134.9027369,4
393,311,147,06240913_proc_00369.png,3.5754013060000003,50,38,156.9385886,4
395,303,152,06240913_proc_00370.png,2.934091568,53,36,167.1833242,4
398,315,112,06240913_proc_00372.png,4.517820358,60,47,155.2655474,4
400,314,114,06240913_proc_00374.png,5.9493246079999995,56,44,170.944758,4
405,313,150,06240913_proc_00377.png,2.986471415,52,35,169.6485145,4
406,311,152,06240913_proc_00378.png,3.978631735,49,31,156.98271499999998,4
411,305,145,06240913_proc_00383.png,3.814550877,48,39,158.428147,4
412,300,135,06240913_proc_00384.png,5.174435139,56,41,160.38083830000002,4
416,315,109,06240913_proc_00388.png,4.289970398,49,32,148.9651811,4
417,309,159,06240913_proc_00388.png,2.783234358,47,33,150.39720880000002,4
418,308,122,06240913_proc_00389.png,3.962716579,58,41,163.69385060000002,4
422,311,114,06240913_proc_00392.png,4.652881622,54,39,3.2778720289999996,4
423,312,112,06240913_proc_00393.png,5.171857834,53,39,160.8460664,4
426,311,154,06240913_proc_00396.png,3.423163414,53,38,154.099074,4
427,310,148,06240913_proc_00397.png,3.5505986210000002,51,38,137.41636259999999,4
428,308,148,06240913_proc_00398.png,3.308084011,49,34,145.0254802,4
433,308,114,06240913_proc_00402.png,4.478610516,60,41,170.78861990000001,4
438,307,116,06240913_proc_00405.png,3.807683945,65,43,153.14629680000002,4
442,316,105,06240913_proc_00407.png,4.190193176,54,35,160.5921934,4
444,311,118,06240913_proc_00408.png,3.734433174,60,41,147.070251,4
448,308,152,06240913_proc_00411.png,3.578690052,53,33,0.324896464,4
450,312,128,06240913_proc_00412.png,4.546304703000001,60,43,0.374830696,4
456,314,113,06240913_proc_00416.png,4.102562428,48,31,150.68868030000002,4
457,309,157,06240913_proc_00416.png,3.10677433,45,33,153.0370001,4
459,318,149,06240913_proc_00417.png,3.498707294,51,34,154.0476051,4
465,314,110,06240913_proc_00421.png,5.0953106880000005,57,37,176.6598055,4
467,316,124,06240913_proc_00423.png,4.304315567,63,47,145.7439102,4
470,308,148,06240913_proc_00425.png,3.2293705939999997,58,41,150.0795777,4
471,311,151,06240913_proc_00426.png,3.443997383,51,36,157.0820379,4
484,306,110,06240913_proc_00436.png,3.990493298,54,37,150.5635444,4
487,301,148,06240913_proc_00439.png,3.861403465,56,39,165.80874519999998,4
488,298,151,06240913_proc_00440.png,3.60824585,53,38,167.4395826,4
495,309,146,06240913_proc_00445.png,4.835012913,56,39,148.515963,4
501,310,111,06240913_proc_00450.png,5.020604134,61,39,152.0407607,4
505,314,146,06240913_proc_00454.png,2.879962683,48,34,150.70299640000002,4
507,313,114,06240913_proc_00455.png,4.440003395,54,34,143.39704009999997,4
508,303,155,06240913_proc_00455.png,2.542864799,52,33,147.48679009999998,4
513,302,153,06240913_proc_00459.png,3.309244633,55,39,177.7982234,4
516,308,144,06240913_proc_00460.png,4.598865032,61,45,174.97065940000002,4
522,315,107,06240913_proc_00464.png,4.911707401,57,39,140.739212,4
524,312,157,06240913_proc_00465.png,2.6659955980000003,51,33,155.96754740000003,4
530,311,116,06240913_proc_00469.png,5.485703468,56,44,148.5110282,4
532,318,117,06240913_proc_00470.png,4.703762053999999,62,43,157.79876380000002,4
537,305,154,06240913_proc_00474.png,2.997467995,47,33,161.1033237,4
542,312,119,06240913_proc_00478.png,4.829263687,55,40,153.283628,4
549,305,105,06240913_proc_00484.png,4.674514771,58,46,135.9690762,4
551,297,107,06240913_proc_00485.png,3.639033318,59,46,136.5160822,4
553,307,147,06240913_proc_00487.png,4.388745308,55,40,169.81775969999998,4
555,303,142,06240913_proc_00488.png,3.9742171760000002,56,40,173.3533956,4
560,306,154,06240913_proc_00493.png,2.610575676,53,37,157.8892894,4
561,307,154,06240913_proc_00494.png,3.064603567,52,40,159.6697268,4
564,314,115,06240913_proc_00497.png,4.946637153999999,53,43,148.29463069999997,4
566,311,112,06240913_proc_00498.png,5.151477814,60,47,159.88984159999998,4
571,310,150,06240913_proc_00501.png,3.153949261,51,39,127.7600699,4
573,312,153,06240913_proc_00502.png,4.229383469,52,38,148.6879164,4
574,304,151,06240913_proc_00503.png,3.070114851,53,37,126.60187140000002,4
581,302,151,06240913_proc_00508.png,3.8681578639999996,55,40,1.544404809,4
584,301,127,06240913_proc_00509.png,4.775243282,66,51,125.36872849999999,4
588,312,116,06240913_proc_00511.png,4.458385468,63,44,148.3551974,4
589,314,107,06240913_proc_00512.png,4.3013019560000005,54,38,132.70578600000002,4
590,305,101,06240913_proc_00513.png,4.556966305,58,42,151.5121911,4
595,302,158,06240913_proc_00516.png,3.1222991939999996,58,37,168.3806999,4
604,311,150,06240913_proc_00521.png,3.442828655,55,39,149.91359730000002,4
605,310,151,06240913_proc_00522.png,4.251961231,51,39,155.08942919999998,4
607,305,157,06240913_proc_00523.png,3.4516823289999996,51,38,160.0282895,4
612,310,115,06240913_proc_00526.png,5.181017399,59,46,154.6758391,4
614,316,117,06240913_proc_00527.png,5.032514572,58,45,144.82031840000002,4
619,317,156,06240913_proc_00531.png,2.579234123,46,29,141.29998769999997,4
621,309,102,06240913_proc_00532.png,4.360411167,58,46,137.4672509,4
629,310,144,06240913_proc_00535.png,4.165045738,59,45,159.3086915,4
632,308,145,06240913_proc_00536.png,4.0788969989999995,52,41,155.9455491,4
634,300,138,06240913_proc_00537.png,4.331298351,61,41,150.724129,4
635,301,129,06240913_proc_00538.png,3.842176437,67,47,156.20561709999998,4
640,308,110,06240913_proc_00541.png,4.057917595,55,38,134.42125969999998,4
645,307,116,06240913_proc_00545.png,4.752027988,56,42,149.5584001,4
647,312,121,06240913_proc_00546.png,4.90741539,62,46,176.6217334,4
649,318,126,06240913_proc_00547.png,5.038115501,62,53,128.4170419,4
652,316,146,06240913_proc_00549.png,4.264986992,58,46,148.9726499,4
655,319,147,06240913_proc_00550.png,4.654626369,61,46,151.22024319999997,4
659,317,148,06240913_proc_00551.png,4.270138264,59,43,144.35827319999999,4
663,319,154,06240913_proc_00552.png,3.335459232,50,38,143.36445669999998,4
668,308,123,06240913_proc_00555.png,4.43266058,60,47,163.00646369999998,4
670,304,148,06240913_proc_00556.png,3.437895775,53,41,156.4335832,4
674,309,113,06240913_proc_00558.png,4.213191509,60,47,129.3464941,4
677,311,119,06240913_proc_00559.png,4.890646935,68,53,137.83713980000002,4
679,307,105,06240913_proc_00560.png,5.11295557,60,50,141.0511195,4
681,304,109,06240913_proc_00561.png,5.573406696,62,51,146.49174419999997,4
682,307,116,06240913_proc_00562.png,4.045609474,63,51,141.9963664,4
686,309,144,06240913_proc_00564.png,4.49516201,56,41,164.31251709999998,4
689,307,150,06240913_proc_00565.png,3.5494771000000003,57,39,152.78999480000002,4
702,305,149,06240913_proc_00569.png,3.5156004430000003,55,42,122.93590729999998,4
706,314,148,06240913_proc_00570.png,3.674510956,57,40,146.7913949,4
708,310,149,06240913_proc_00571.png,3.478074074,55,43,147.88460759999998,4
709,314,130,06240913_proc_00572.png,3.9112148280000003,53,45,121.0785398,4
711,312,119,06240913_proc_00573.png,4.854916096,58,50,146.5378753,4
713,309,113,06240913_proc_00574.png,5.387076855,66,58,148.0758734,4
715,311,111,06240913_proc_00575.png,5.2622213360000005,65,56,148.65057919999998,4
719,313,116,06240913_proc_00576.png,4.413385868,63,54,126.1659926,4
725,317,151,06240913_proc_00578.png,2.8481101989999997,55,43,172.89203899999998,4
728,307,151,06240913_proc_00579.png,3.510921478,56,42,160.9958353,4
733,302,143,06240913_proc_00583.png,3.8673598769999997,61,48,145.88107409999998,4
737,306,145,06240913_proc_00584.png,4.282104969,63,51,157.4221882,4
741,302,132,06240913_proc_00585.png,4.871536255,68,61,134.2185705,4
746,309,129,06240913_proc_00586.png,3.681582451,69,58,129.4650252,4
751,304,118,06240913_proc_00587.png,3.352470398,61,49,130.18270729999998,4
753,305,111,06240913_proc_00588.png,4.044777393,65,53,153.0101062,4
754,304,109,06240913_proc_00589.png,4.301404476,60,50,157.01655,4
756,297,108,06240913_proc_00590.png,3.841672421,60,47,143.61076699999998,4
763,311,115,06240913_proc_00594.png,3.9171464439999997,62,55,143.02174519999997,4
765,314,120,06240913_proc_00595.png,4.057442665,64,51,148.2419119,4
768,309,147,06240913_proc_00597.png,3.191174507,53,40,155.67598710000001,4
769,313,146,06240913_proc_00598.png,3.891293764,53,44,146.4420614,4
771,314,146,06240913_proc_00599.png,4.514194488999999,56,48,153.31239330000002,4
775,318,146,06240913_proc_00600.png,3.9216859339999997,58,47,157.59968769999998,4
780,314,130,06240913_proc_00601.png,3.689007282,62,58,40.20987006,4
788,313,113,06240913_proc_00603.png,3.9939975739999998,59,50,149.0315364,4
796,302,107,06240913_proc_00607.png,3.696904182,60,48,127.56912179999999,4
799,306,106,06240913_proc_00608.png,3.774062634,55,51,143.6249157,4
802,307,108,06240913_proc_00609.png,3.815707684,59,54,132.8675044,4
806,305,118,06240913_proc_00610.png,4.606870651,68,60,135.2842405,4
810,303,129,06240913_proc_00611.png,4.348095894,65,59,124.11469550000001,4
813,309,136,06240913_proc_00612.png,4.523426056,57,53,148.31067480000002,4
816,305,144,06240913_proc_00613.png,4.271800518,59,48,2.734361007,4
818,299,136,06240913_proc_00614.png,4.0524935719999995,58,47,175.76293909999998,4
820,301,132,06240913_proc_00615.png,2.8236396310000003,53,48,135.642197,4
824,304,118,06240913_proc_00616.png,3.45718503,60,53,127.365384,4
829,305,114,06240913_proc_00617.png,3.382129669,58,51,115.7131872,4
842,312,116,06240913_proc_00621.png,3.992615223,62,52,137.9248326,4
847,310,119,06240913_proc_00622.png,5.34213686,65,55,160.9337387,4
849,308,121,06240913_proc_00623.png,5.060655594,65,55,163.1457586,4
852,311,126,06240913_proc_00624.png,4.722609043,69,59,138.1332456,4
856,309,129,06240913_proc_00625.png,5.115341187,66,60,137.73255590000002,4
860,309,136,06240913_proc_00626.png,4.895463943,60,57,138.575876,4
864,313,145,06240913_proc_00627.png,3.665869713,56,49,169.4046861,4
869,317,150,06240913_proc_00628.png,3.062345505,57,47,160.74265730000002,4
877,303,134,06240913_proc_00632.png,3.6178982260000003,55,53,100.233062,4
880,304,128,06240913_proc_00633.png,4.015528679,64,61,111.16951999999999,4
886,301,124,06240913_proc_00634.png,4.247911453,65,65,115.207077,4
891,305,116,06240913_proc_00635.png,3.761704445,65,64,129.77128059999998,4
897,301,116,06240913_proc_00636.png,4.475083351,67,67,130.5987102,4
901,304,115,06240913_proc_00637.png,4.802023411,65,63,143.1519251,4
904,303,117,06240913_proc_00638.png,4.575848579,67,60,27.27196352,4
905,302,123,06240913_proc_00639.png,3.918924332,62,54,86.05178433,4
907,302,129,06240913_proc_00640.png,4.279090881,61,56,81.37463471,4
908,304,131,06240913_proc_00641.png,4.55614233,59,59,118.54568710000001,4
923,312,148,06240913_proc_00645.png,2.955861807,58,50,132.9813466,4
926,310,144,06240913_proc_00646.png,3.5652709010000003,57,48,151.6041169,4
928,311,137,06240913_proc_00647.png,3.9927744869999997,54,49,120.28472839999999,4
930,309,136,06240913_proc_00648.png,3.7760167119999997,54,49,14.00542669,4
931,312,128,06240913_proc_00649.png,4.525531292,63,57,162.5012159,4
935,309,124,06240913_proc_00650.png,4.943023682,67,62,145.2502993,4
939,310,121,06240913_proc_00651.png,4.461968422,64,61,141.39160780000003,4
944,308,118,06240913_proc_00652.png,3.95293808,66,62,143.0663531,4
948,310,120,06240913_proc_00653.png,3.6840767860000003,60,56,120.99556670000001,4
953,302,129,06240913_proc_00654.png,5.486010551000001,61,57,65.64898475,4
961,305,119,06240913_proc_00658.png,3.623300076,63,58,114.6835293,4
964,305,128,06240913_proc_00659.png,3.764942169,65,62,99.63186879,4
967,305,132,06240913_proc_00660.png,4.255334854,63,64,77.2430123,4
972,309,132,06240913_proc_00661.png,4.570025444,65,65,163.64496519999997,4
976,308,132,06240913_proc_00662.png,4.283876418999999,65,62,157.7651541,4
981,305,133,06240913_proc_00663.png,3.7770948410000003,61,55,158.56031959999999,4
983,305,130,06240913_proc_00664.png,3.8931908610000003,59,56,44.10324181,4
985,304,123,06240913_proc_00665.png,3.8300142289999997,56,51,46.83160186,4
987,303,114,06240913_proc_00666.png,3.632893085,59,55,81.18516527,4
992,304,113,06240913_proc_00667.png,3.913549423,60,57,95.66628828,4
1003,303,124,06240913_proc_00670.png,4.267387867,58,55,117.66120500000001,4
1008,307,119,06240913_proc_00671.png,4.1658167839999996,63,60,147.9286623,4
1011,307,125,06240913_proc_00672.png,4.23576498,64,57,2.328819378,4
1012,304,129,06240913_proc_00673.png,4.539795399,61,54,170.5965883,4
1014,304,130,06240913_proc_00674.png,4.295191288,64,59,154.3048779,4
1018,307,135,06240913_proc_00675.png,4.747850895,62,61,133.94831010000001,4
1022,304,136,06240913_proc_00676.png,4.499559402,65,64,146.63621980000002,4
1027,307,134,06240913_proc_00677.png,4.054878235,66,61,166.4329835,4
1031,307,147,06240913_proc_00678.png,2.9294483660000004,65,56,163.6677866,4
1036,308,133,06240913_proc_00679.png,2.818414927,65,54,156.0190334,4
1046,305,121,06240913_proc_00683.png,3.373006582,60,55,119.8048598,4
1051,308,122,06240913_proc_00684.png,3.288130283,60,61,123.6578413,4
1055,308,120,06240913_proc_00685.png,3.9213600160000004,61,62,135.39927790000002,4
1059,308,119,06240913_proc_00686.png,4.13727951,63,64,116.7242669,4
1063,309,120,06240913_proc_00687.png,4.250268459,67,64,135.24541090000002,4
1068,308,119,06240913_proc_00688.png,4.580978394,64,60,127.2262087,4
1073,306,128,06240913_proc_00689.png,4.166531086,64,62,114.82734579999999,4
1075,305,131,06240913_proc_00690.png,3.585460424,61,56,174.0105836,4
1077,307,132,06240913_proc_00691.png,3.138581991,56,56,134.5477309,4
1080,305,126,06240913_proc_00692.png,3.63064003,60,56,130.5933895,4
1090,307,147,06240913_proc_00695.png,2.7362468239999997,57,49,114.71125990000002,4
1093,305,133,06240913_proc_00696.png,3.394129276,59,56,147.0798747,4
1096,308,134,06240913_proc_00697.png,3.525369644,60,55,2.464401835,4
1097,305,133,06240913_proc_00698.png,3.8441851139999996,61,60,6.567261892,4
1099,306,132,06240913_proc_00699.png,4.77312851,64,62,12.55758027,4
1103,304,127,06240913_proc_00700.png,4.771440983,65,64,179.45279209999998,4
1107,305,127,06240913_proc_00701.png,5.118129253,67,62,5.20192586,4
1111,306,124,06240913_proc_00702.png,4.648226738,63,60,174.0117119,4
1115,307,125,06240913_proc_00703.png,3.888160229,67,62,133.8724336,4
1120,309,127,06240913_proc_00704.png,3.604384899,64,60,125.4644639,4
1129,307,122,06240913_proc_00708.png,3.222518206,58,52,122.7469638,4
1132,311,131,06240913_proc_00709.png,3.577937126,62,62,9.757060979,4
1137,307,133,06240913_proc_00710.png,4.286550045,63,60,2.589780843,4
1142,308,133,06240913_proc_00711.png,4.427530289,64,60,158.6937252,4
1146,308,132,06240913_proc_00712.png,4.355278969,63,59,155.4744368,4
1150,310,134,06240913_proc_00713.png,4.343328953,64,59,152.7195705,4
1154,311,130,06240913_proc_00714.png,4.868611336,62,59,18.71269488,4
1158,311,125,06240913_proc_00715.png,3.89827013,64,58,49.01577682,4
1160,310,121,06240913_proc_00716.png,3.9993557930000003,59,54,78.64438271,4
1163,310,118,06240913_proc_00717.png,3.203538656,60,54,98.86093851,4
1176,306,116,06240913_proc_00721.png,4.155807018,63,56,140.180786,4
1179,300,119,06240913_proc_00722.png,4.627704144,65,57,137.43384790000002,4
1183,304,127,06240913_proc_00723.png,4.31136322,60,52,157.3524878,4
1184,303,132,06240913_proc_00724.png,4.220797062,60,53,5.932164436,4
1186,305,135,06240913_proc_00725.png,5.033957005,63,56,177.431104,4
1189,307,138,06240913_proc_00726.png,4.2781906130000005,61,57,153.36136580000002,4
1194,304,135,06240913_proc_00727.png,4.466408253,64,59,147.85932230000003,4
1199,306,133,06240913_proc_00728.png,4.699771881,64,62,156.826804,4
1204,306,132,06240913_proc_00729.png,3.5450038910000004,61,59,155.51546399999998,4
1209,313,130,06240913_proc_00730.png,4.057519913,62,56,146.77988259999998,4
1216,307,125,06240913_proc_00733.png,2.643217325,50,42,121.1425797,4
1219,309,119,06240913_proc_00734.png,3.3928022380000002,58,57,109.30407240000001,4
1223,311,117,06240913_proc_00735.png,3.836054802,63,58,109.9085578,4
1227,312,115,06240913_proc_00736.png,4.534864426,62,58,115.1178611,4
1231,313,119,06240913_proc_00737.png,5.139347076,62,59,110.211504,4
1236,314,124,06240913_proc_00738.png,5.384717941,64,63,132.6862551,4
1239,315,130,06240913_proc_00739.png,4.838155746,62,58,161.216196,4
1243,315,137,06240913_proc_00740.png,4.611070633,60,53,150.7357027,4
1246,308,137,06240913_proc_00741.png,4.701530457,61,55,164.1177748,4
1249,307,135,06240913_proc_00742.png,4.039597511,60,54,17.06642975,4
1259,307,144,06240913_proc_00746.png,3.468609095,60,50,153.44614209999997,4
1262,303,137,06240913_proc_00747.png,4.313920021,58,59,110.2422125,4
1265,303,129,06240913_proc_00748.png,4.14261961,60,56,98.81836594,4
1267,308,120,06240913_proc_00749.png,5.252942562,65,53,130.9657953,4
1269,305,118,06240913_proc_00750.png,5.267795563,62,55,163.4511654,4
1271,306,117,06240913_proc_00751.png,5.993879317999999,63,57,145.8774814,4
1275,303,120,06240913_proc_00752.png,5.453698635,63,60,158.7505199,4
1279,304,125,06240913_proc_00753.png,4.274074553999999,65,59,159.1180148,4
1284,305,135,06240913_proc_00754.png,3.908407688,60,55,147.90937390000002,4
1295,311,147,06240913_proc_00759.png,4.06572628,61,47,162.6469345,4
1298,309,138,06240913_proc_00760.png,5.212705612,65,59,154.4356043,4
1302,315,138,06240913_proc_00761.png,4.934198856,58,58,144.453182,4
1306,309,130,06240913_proc_00762.png,5.436591148,65,62,73.05614049,4
1310,307,121,06240913_proc_00763.png,5.38424015,63,60,120.388199,4
1314,307,118,06240913_proc_00764.png,5.108375549,62,55,111.9948868,4
1318,309,116,06240913_proc_00765.png,4.742567062,65,52,135.94873590000003,4
1320,309,117,06240913_proc_00766.png,4.04327774,59,46,108.24320049999999,4
1321,309,123,06240913_proc_00767.png,3.3229653839999997,54,45,131.950391,4
1333,301,119,06240913_proc_00771.png,4.1972117419999995,62,54,146.9039291,4
1337,296,129,06240913_proc_00772.png,3.961609125,64,59,152.92289499999998,4
1340,299,136,06240913_proc_00773.png,4.716463566,59,52,146.1789523,4
1341,298,137,06240913_proc_00774.png,5.424654007000001,59,52,155.324217,4
1344,305,136,06240913_proc_00776.png,5.361854553,59,59,106.5288094,4
1348,304,130,06240913_proc_00777.png,5.597620964,60,59,105.921428,4
1353,305,119,06240913_proc_00778.png,5.426460266,69,65,154.68125890000002,4
1359,306,116,06240913_proc_00779.png,5.736057281,69,63,126.5652445,4
1362,305,114,06240913_proc_00780.png,4.898014068999999,59,57,134.5877866,4
1370,309,110,06240913_proc_00783.png,3.401818752,56,44,141.6372897,4
1373,311,111,06240913_proc_00784.png,5.030627251,63,54,149.2567414,4
1376,313,116,06240913_proc_00785.png,5.246889114,63,61,127.9034629,4
1380,312,126,06240913_proc_00786.png,5.257889748,61,58,106.99650659999999,4
1384,310,132,06240913_proc_00787.png,5.6077981,65,62,135.38616399999998,4
1388,311,136,06240913_proc_00788.png,5.889685631,66,60,149.67799330000003,4
1392,311,138,06240913_proc_00789.png,6.326901436,63,56,147.80541499999998,4
1396,309,138,06240913_proc_00790.png,6.234719752999999,59,55,147.4668357,4
1399,309,136,06240913_proc_00791.png,4.41778183,58,52,87.84436748,4
1401,307,121,06240913_proc_00792.png,4.066851616,57,48,105.14489009999998,4
1402,310,114,06240913_proc_00793.png,4.567025185,64,56,128.5288351,4
1415,301,113,06240913_proc_00797.png,4.446718216,66,59,118.05474679999999,4
1419,304,114,06240913_proc_00798.png,4.891579151,64,55,148.3740282,4
1423,306,119,06240913_proc_00799.png,5.776138306,65,54,155.22916130000002,4
1425,302,122,06240913_proc_00800.png,5.671855927,60,54,108.26028970000002,4
1427,301,130,06240913_proc_00801.png,4.5851664539999994,63,57,100.38829179999999,4
1431,306,134,06240913_proc_00802.png,4.9841070180000004,60,56,135.57058590000003,4
1435,302,137,06240913_proc_00803.png,4.592769623,58,51,156.3593732,4
1452,313,145,06240913_proc_00809.png,3.4639229769999997,55,46,154.3776108,4
1455,310,135,06240913_proc_00810.png,3.773201942,60,55,97.0348806,4
1459,309,124,06240913_proc_00811.png,4.709499836,66,59,129.9787203,4
1464,312,115,06240913_proc_00812.png,5.306231499,68,56,148.5017664,4
1469,312,115,06240913_proc_00813.png,5.600208759,66,57,139.5330041,4
1474,315,120,06240913_proc_00814.png,5.707172871,62,57,89.9839379,4
1478,309,126,06240913_proc_00815.png,5.084347725,60,53,96.50991227,4
1481,306,135,06240913_proc_00816.png,4.987912655,58,54,133.29150890000003,4
1484,310,150,06240913_proc_00818.png,3.994461298,57,45,160.41212219999997,4
1494,305,132,06240913_proc_00822.png,5.248901367,64,54,148.7733996,4
1496,308,135,06240913_proc_00823.png,6.234833717000001,57,53,154.8222886,4
1498,306,135,06240913_proc_00824.png,5.470982552000001,56,51,121.96875940000001,4
1500,303,125,06240913_proc_00825.png,5.122588158,62,55,106.4028334,4
1502,308,115,06240913_proc_00826.png,5.346387386,64,55,145.9083095,4
1506,307,116,06240913_proc_00827.png,5.498497008999999,65,56,144.13931440000002,4
1511,303,110,06240913_proc_00828.png,6.068310737999999,62,59,130.4903698,4
1515,304,117,06240913_proc_00829.png,5.0843496319999995,63,58,102.1567917,4
1518,305,127,06240913_proc_00830.png,4.245919228,60,54,116.5074084,4
1521,307,135,06240913_proc_00831.png,4.581683159,53,44,164.08658640000002,4
1524,310,123,06240913_proc_00832.png,4.811911106,56,48,129.0595237,4
1526,315,113,06240913_proc_00833.png,3.2234177589999997,51,43,171.3624574,4
1528,308,125,06240913_proc_00834.png,3.3917212489999997,52,44,65.01471289999999,4
1532,308,151,06240913_proc_00836.png,4.211874485,57,47,163.0948174,4
1536,307,148,06240913_proc_00837.png,4.628322123999999,62,47,168.6929206,4
1543,313,128,06240913_proc_00839.png,6.5663547520000005,62,59,96.97683766,4
1547,313,119,06240913_proc_00840.png,6.3095335960000005,61,55,130.4271871,4
1551,312,115,06240913_proc_00841.png,6.573156357,71,53,156.8831001,4
1552,311,114,06240913_proc_00842.png,5.504917145,65,50,157.4905157,4
1554,310,115,06240913_proc_00843.png,4.498267651,61,50,0.79488749,4
1568,308,110,06240913_proc_00847.png,5.672892094,62,57,116.447897,4
1572,309,123,06240913_proc_00848.png,4.573712826,62,55,117.7656727,4
1576,298,130,06240913_proc_00849.png,4.264779568,60,52,120.3932875,4
1579,301,137,06240913_proc_00850.png,5.749602795,62,57,126.5127818,4
1580,301,138,06240913_proc_00851.png,5.776558399,58,54,134.34866509999998,4
1582,299,134,06240913_proc_00852.png,5.698004246,58,55,121.60812539999999,4
1585,302,131,06240913_proc_00853.png,4.911411762,64,59,102.5215579,4
1590,300,124,06240913_proc_00854.png,5.298446655,69,60,130.5596381,4
1595,301,113,06240913_proc_00855.png,5.460593224,68,58,137.7193464,4
1600,304,108,06240913_proc_00856.png,5.111870766,66,59,130.5681315,4
1606,302,113,06240913_proc_00860.png,5.056919575,65,49,143.6922409,4
1609,305,120,06240913_proc_00861.png,5.649346828,67,57,137.0480993,4
1613,309,118,06240913_proc_00862.png,5.121104717,62,54,115.4257797,4
1617,310,129,06240913_proc_00863.png,5.723394394,64,58,102.55008079999999,4
1622,306,130,06240913_proc_00864.png,5.50339222,65,57,140.7671339,4
1626,306,147,06240913_proc_00865.png,4.755959034,61,49,155.0215577,4
1631,307,146,06240913_proc_00866.png,5.148789406000001,62,50,140.0263076,4
1633,306,138,06240913_proc_00867.png,4.683779716,54,47,166.3268526,4
1636,308,126,06240913_proc_00868.png,5.144042492,61,49,45.39552726,4
1637,310,115,06240913_proc_00869.png,4.481805325,65,56,141.9728603,4
1639,306,114,06240913_proc_00870.png,5.545371532000001,66,55,129.2888165,4
1646,305,110,06240913_proc_00874.png,5.7978816029999996,65,55,138.9121774,4
1647,303,110,06240913_proc_00875.png,6.096085548,65,53,146.196441,4
1649,307,114,06240913_proc_00876.png,5.846004009,61,52,134.9484786,4
1651,308,126,06240913_proc_00877.png,4.673716545,56,47,99.92877711,4
1654,304,134,06240913_proc_00878.png,5.460342407000001,59,53,139.4692989,4
1658,308,135,06240913_proc_00879.png,5.401851177,62,53,158.7351418,4
1663,307,146,06240913_proc_00880.png,4.945353985,59,50,148.42359150000001,4
1674,308,146,06240913_proc_00885.png,4.355438232,57,44,0.527022679,4
1678,315,122,06240913_proc_00887.png,5.631349564,59,56,57.06064684,4
1682,318,117,06240913_proc_00888.png,5.979413986,68,58,161.7088866,4
1686,317,114,06240913_proc_00889.png,6.270957947,67,54,161.1707804,4
1690,314,118,06240913_proc_00890.png,6.103097916,66,53,158.52375080000002,4
1694,316,125,06240913_proc_00891.png,6.152411461,66,56,173.1703594,4
1696,311,125,06240913_proc_00892.png,6.339907646,66,56,160.926164,4
1697,312,142,06240913_proc_00893.png,4.873560905,65,49,177.1838227,4
1699,315,137,06240913_proc_00894.png,5.506157875,66,57,17.49003638,4
1714,301,142,06240913_proc_00899.png,4.588076591,61,52,137.82595880000002,4
1717,305,136,06240913_proc_00900.png,6.2232041360000006,61,57,138.0935861,4
1718,297,131,06240913_proc_00901.png,6.259765625,62,56,86.02582962,4
1720,303,124,06240913_proc_00902.png,5.98800087,62,56,169.42557030000003,4
1721,304,111,06240913_proc_00903.png,6.212564467999999,65,57,149.187473,4
1727,301,106,06240913_proc_00904.png,5.515943527,63,55,138.35900719999998,4
1732,297,111,06240913_proc_00905.png,4.800393105,63,56,112.68198340000001,4
1736,302,114,06240913_proc_00906.png,4.413612843,59,49,95.97139283,4
1746,308,114,06240913_proc_00909.png,5.65186739,64,52,141.19675619999998,4
1748,312,120,06240913_proc_00910.png,4.816652298,58,48,8.87109409,4
1749,310,136,06240913_proc_00911.png,4.409105301,60,51,55.04847311,4
1754,310,146,06240913_proc_00912.png,4.758872986,66,53,155.0411432,4
1758,304,135,06240913_proc_00913.png,6.194233894,63,54,132.6410222,4
1762,307,147,06240913_proc_00914.png,5.1294088360000005,65,51,139.5053589,4
1766,311,134,06240913_proc_00915.png,5.512595654,58,53,85.92040565,4
1770,307,124,06240913_proc_00916.png,6.071295261,62,54,106.98974469999999,4
1773,308,118,06240913_proc_00917.png,5.859526634,66,51,151.2634237,4
1775,305,114,06240913_proc_00918.png,6.021158217999999,68,53,136.48645280000002,4
1776,304,114,06240913_proc_00919.png,5.575125694,67,55,141.43436819999997,4
1785,302,102,06240913_proc_00923.png,5.469835757999999,64,53,131.20863590000002,4
1788,306,114,06240913_proc_00924.png,5.919745922000001,65,55,126.35131270000001,4
1790,300,126,06240913_proc_00925.png,5.325436115,61,53,140.363094,4
1791,304,132,06240913_proc_00926.png,5.627534389,62,53,154.1345261,4
1793,305,136,06240913_proc_00927.png,5.518732547999999,62,51,158.06269939999999,4
1795,308,137,06240913_proc_00928.png,6.002576828,57,50,161.6996624,4
1799,306,135,06240913_proc_00929.png,5.16428709,59,54,138.91461919999998,4
1807,312,117,06240913_proc_00931.png,4.921816826000001,63,55,131.2030385,4
1812,307,106,06240913_proc_00932.png,5.3452925680000005,64,51,135.2216725,4
1820,315,113,06240913_proc_00935.png,5.7868118289999995,57,49,35.24462648,4
1822,312,116,06240913_proc_00936.png,4.897894859,60,50,161.969291,4
1826,315,113,06240913_proc_00937.png,5.591454028999999,66,56,141.9605011,4
1831,315,114,06240913_proc_00938.png,6.11505127,67,56,132.99416000000002,4
1836,314,122,06240913_proc_00939.png,6.376335144,59,56,111.64722340000002,4
1841,310,133,06240913_proc_00940.png,6.452777863,62,59,55.690015700000004,4
1845,313,143,06240913_proc_00942.png,5.516365528,72,54,177.0843856,4
1847,313,146,06240913_proc_00943.png,4.976336956,65,48,162.3661233,4
1853,310,119,06240913_proc_00946.png,4.71804142,63,56,127.9457452,4
1857,309,129,06240913_proc_00947.png,5.6005172729999995,66,55,122.2046058,4
1864,300,127,06240913_proc_00949.png,4.902884483,60,55,111.9846347,4
1869,301,120,06240913_proc_00950.png,5.188318729,66,57,155.8880525,4
1872,304,115,06240913_proc_00951.png,5.509016514,64,54,120.3377239,4
1874,309,114,06240913_proc_00952.png,4.88946104,64,51,121.5951207,4
1877,301,123,06240913_proc_00953.png,5.677079201000001,64,56,25.14505627,4
1879,303,128,06240913_proc_00954.png,5.165496349,66,61,128.0054616,4
1883,308,134,06240913_proc_00955.png,5.727146149,63,55,150.06947580000002,4
1887,305,134,06240913_proc_00956.png,5.065037251000001,65,54,144.7371608,4
1902,309,149,06240913_proc_00961.png,4.519678116000001,57,44,140.42399880000002,4
1905,311,145,06240913_proc_00962.png,4.6935729980000005,66,48,154.25419440000002,4
1909,308,126,06240913_proc_00963.png,6.065108776000001,65,62,100.6509194,4
1913,307,123,06240913_proc_00964.png,6.001011372000001,65,61,127.5611953,4
1917,309,127,06240913_proc_00965.png,6.196182251000001,66,55,143.698272,4
1921,306,114,06240913_proc_00966.png,5.925508498999999,63,52,131.80905049999998,4
1924,309,116,06240913_proc_00967.png,5.392444611,68,54,136.1518862,4
1928,311,124,06240913_proc_00968.png,5.527026176000001,64,58,115.4945938,4
1930,305,133,06240913_proc_00969.png,5.040267467,61,53,94.82752739,4
1932,307,143,06240913_proc_00970.png,3.93130827,57,44,148.9155564,4
1933,307,131,06240913_proc_00971.png,4.841125011,63,58,107.51682360000001,4
1938,307,117,06240913_proc_00972.png,3.784523487,68,58,116.1664385,4
1944,298,134,06240913_proc_00974.png,4.840481758,60,52,133.8577828,4
1948,303,146,06240913_proc_00975.png,4.474677086,63,53,147.6607994,4
1951,307,135,06240913_proc_00976.png,5.489974499,62,53,140.2089947,4
1954,305,131,06240913_proc_00977.png,5.679986953999999,64,53,125.56972730000001,4
1956,306,126,06240913_proc_00978.png,5.405365944,63,53,85.07388566,4
1959,309,125,06240913_proc_00979.png,6.282447815,68,61,135.39998830000002,4
1962,306,115,06240913_proc_00980.png,6.383811951,69,60,130.8128879,4
1967,306,115,06240913_proc_00981.png,4.784181595,71,58,126.65705929999999,4
1972,307,116,06240913_proc_00982.png,5.035808563,66,56,132.55093200000002,4
1981,313,120,06240913_proc_00985.png,4.8410925869999994,64,50,126.0596192,4
1983,312,119,06240913_proc_00986.png,5.249531746000001,63,53,2.7174795539999996,4
1984,310,127,06240913_proc_00987.png,5.321187019,61,56,120.7728889,4
1988,312,133,06240913_proc_00988.png,5.51172924,63,56,139.60684519999998,4
1992,311,143,06240913_proc_00989.png,5.266186236999999,65,53,166.23128119999998,4
1996,313,138,06240913_proc_00990.png,7.038644791,64,57,166.1306529,4
2000,313,142,06240913_proc_00991.png,5.453938961,61,51,174.1900029,4
2003,312,131,06240913_proc_00992.png,6.210371017000001,64,54,117.5845429,4
2006,311,124,06240913_proc_00993.png,6.135234356000001,63,50,134.04774740000002,4
2009,311,121,06240913_proc_00994.png,5.791478634,70,55,145.335038,4
2010,306,118,06240913_proc_00995.png,4.722456932,65,53,151.99728819999999,4
2018,300,111,06240913_proc_00998.png,3.868872643,62,54,118.40646740000001,4
2022,304,112,06240913_proc_00999.png,5.303868771,66,58,123.74022360000001,4
2027,314,121,06240913_proc_01000.png,5.997013569,68,59,131.2180171,4
2031,304,120,06240913_proc_01001.png,6.141677856,66,58,126.43577140000002,4
2033,302,127,06240913_proc_01002.png,5.300151825,68,60,82.81677452,4
2035,306,129,06240913_proc_01003.png,5.791795254,66,59,97.85687338,4
2037,308,134,06240913_proc_01004.png,5.456663132,65,60,119.3217332,4
2042,307,137,06240913_proc_01005.png,5.701227665,68,63,136.4103269,4
2048,306,134,06240913_proc_01006.png,4.842661381,62,57,126.32162190000001,4
2053,308,121,06240913_proc_01007.png,3.623158216,60,55,117.90665459999998,4
2058,303,114,06240913_proc_01008.png,4.93967104,63,56,132.0292524,4
2062,308,118,06240913_proc_01009.png,4.660632133,66,56,116.6101413,4
2066,309,145,06240913_proc_01010.png,3.041113615,56,43,160.9876596,4
2068,306,139,06240913_proc_01011.png,2.717376709,48,42,101.3830405,4
2070,310,125,06240913_proc_01012.png,4.435294151,58,53,86.6825523,4
2072,309,119,06240913_proc_01013.png,5.225031853,61,55,130.5118541,4
2078,312,120,06240913_proc_01014.png,5.411791801000001,65,58,116.01366090000002,4
2083,312,121,06240913_proc_01015.png,5.5393576620000005,66,59,109.3098712,4
2088,310,127,06240913_proc_01016.png,5.651665211,64,59,132.322428,4
2093,308,131,06240913_proc_01017.png,5.769915104,61,56,113.23264009999998,4
2097,308,134,06240913_proc_01018.png,6.06972456,62,55,122.8228165,4
2110,314,134,06240913_proc_01024.png,5.012560368,67,58,134.15762469999999,4
2116,306,127,06240913_proc_01025.png,5.096884727,66,61,144.06367340000003,4
2120,306,126,06240913_proc_01026.png,5.709944725,65,57,124.3460545,4
2122,306,121,06240913_proc_01027.png,6.121786594,66,58,139.18116740000002,4
2124,304,120,06240913_proc_01028.png,5.830984592,64,56,147.02882590000002,4
2126,307,121,06240913_proc_01029.png,5.31332922,67,57,140.1288185,4
2128,306,120,06240913_proc_01030.png,5.695078372999999,67,64,109.67082620000001,4
2131,308,127,06240913_proc_01031.png,5.456717014,65,60,101.37721440000001,4
2135,310,132,06240913_proc_01032.png,5.208030701,60,55,141.6864159,4
2138,309,135,06240913_proc_01033.png,4.469481468,64,53,129.2357938,4
2146,302,137,06240913_proc_01037.png,4.191735744,53,44,147.6961695,4
2147,310,138,06240913_proc_01038.png,5.190058231,61,54,121.1972417,4
2151,313,133,06240913_proc_01039.png,5.427334785,70,62,120.4494179,4
2155,310,131,06240913_proc_01040.png,5.639103413,65,60,133.9844896,4
2159,312,120,06240913_proc_01041.png,5.755149841000001,62,60,119.6677574,4
2163,312,119,06240913_proc_01042.png,5.902789593,61,54,116.5686479,4
2167,309,116,06240913_proc_01043.png,5.010737419,65,54,118.8639261,4
2170,307,120,06240913_proc_01044.png,4.245405197,63,56,115.0815381,4
2173,307,130,06240913_proc_01045.png,3.295328617,56,51,83.37921327,4
2175,311,143,06240913_proc_01046.png,3.217833042,47,43,144.6859549,4
2178,306,124,06240913_proc_01047.png,4.196335793,60,55,100.8964578,4
2183,308,114,06240913_proc_01048.png,4.009327412,64,55,120.7728479,4
2188,302,123,06240913_proc_01049.png,4.49431181,65,57,111.0292825,4
2191,300,131,06240913_proc_01050.png,4.968904495,63,56,86.34116579,4
2194,302,136,06240913_proc_01051.png,5.5094342229999995,60,57,74.94211965,4
2197,306,134,06240913_proc_01052.png,5.941754341,64,59,1.880631757,4
2199,304,134,06240913_proc_01053.png,5.891737461,67,60,30.29453908,4
2201,302,135,06240913_proc_01054.png,5.749015331,64,58,170.7646229,4
2203,303,128,06240913_proc_01055.png,6.101539612000001,64,61,59.04305119,4
2207,302,119,06240913_proc_01056.png,6.1063766479999995,67,60,150.6475626,4
2212,304,114,06240913_proc_01057.png,5.571538447999999,69,61,145.2978681,4
2216,303,109,06240913_proc_01058.png,4.729380131,65,54,144.89557,4
2225,304,118,06240913_proc_01061.png,5.500010967000001,68,57,167.63199419999998,4
2227,309,117,06240913_proc_01062.png,5.608327866000001,67,55,160.2018754,4
2230,311,125,06240913_proc_01063.png,5.608833313,65,57,164.77205569999998,4
2234,307,131,06240913_proc_01064.png,5.879709244,65,62,156.5957233,4
2238,309,135,06240913_proc_01065.png,6.389170647,62,58,159.17898449999998,4
2242,307,144,06240913_proc_01066.png,5.100650787,63,53,168.98144150000002,4
2247,307,145,06240913_proc_01067.png,5.353408813,61,53,167.1490682,4
2251,305,134,06240913_proc_01068.png,5.790245532999999,66,60,167.2036064,4
2254,310,133,06240913_proc_01069.png,5.56121397,64,60,44.63449734,4
2255,312,126,06240913_proc_01070.png,5.396752834,60,53,160.5605525,4
2256,307,121,06240913_proc_01071.png,5.650071144,64,53,164.66710469999998,4
2260,309,126,06240913_proc_01072.png,5.346306801,60,55,1.7869919980000002,4
2265,303,124,06240913_proc_01073.png,4.993303299,60,58,143.716331,4
2270,299,117,06240913_proc_01074.png,4.235568523,63,58,76.42477613,4
2274,301,116,06240913_proc_01075.png,5.06626749,68,62,12.85197423,4
2277,304,116,06240913_proc_01076.png,5.739974022,68,61,178.78171840000002,4
2280,305,121,06240913_proc_01077.png,5.99495554,71,62,67.48896942,4
2282,303,123,06240913_proc_01078.png,6.1635046010000005,69,63,78.27997162,4
2284,305,130,06240913_proc_01079.png,5.9739789960000005,65,61,64.10762279,4
2286,305,135,06240913_proc_01080.png,5.518529415,59,53,170.7439727,4
2289,310,136,06240913_proc_01081.png,5.390969276,64,59,0.581077437,4
2293,304,136,06240913_proc_01082.png,5.203457832,61,59,177.054149,4
2297,302,134,06240913_proc_01083.png,3.552364349,60,53,115.35475249999999,4
2301,300,127,06240913_proc_01084.png,2.390708923,55,46,108.335613,4
2305,309,134,06240913_proc_01086.png,3.748145103,57,50,52.72116469,4
2308,312,131,06240913_proc_01087.png,4.024745941,62,56,46.20419434,4
2310,310,128,06240913_proc_01088.png,4.693211079,57,53,103.77166009999999,4
2313,309,123,06240913_proc_01089.png,5.535283089,58,57,74.18980163,4
2317,308,121,06240913_proc_01090.png,6.445866585,61,59,134.60855719999998,4
2321,310,119,06240913_proc_01091.png,5.950574875,63,58,153.9852916,4
2326,308,123,06240913_proc_01092.png,5.684674263,65,61,117.56157979999999,4
2330,309,127,06240913_proc_01093.png,5.54374218,67,65,50.60795881,4
2333,305,130,06240913_proc_01094.png,5.556859016000001,67,62,7.180429318,4
2334,305,138,06240913_proc_01095.png,5.194303989,67,59,179.938876,4
2342,303,134,06240913_proc_01099.png,4.896912575,56,55,133.08563329999998,4
2347,305,136,06240913_proc_01100.png,5.455583572,67,61,151.71731699999998,4
2350,304,135,06240913_proc_01101.png,5.14342165,64,60,140.5535607,4
2354,308,130,06240913_proc_01102.png,5.875799656,63,58,123.58212179999998,4
2359,307,130,06240913_proc_01103.png,6.204407215,61,57,139.889639,4
2361,306,125,06240913_proc_01104.png,5.951737881000001,64,59,123.0756189,4
2364,306,125,06240913_proc_01105.png,5.451889992000001,65,55,112.12800039999999,4
2367,309,126,06240913_proc_01106.png,5.556018829,62,57,110.08343789999999,4
2369,306,127,06240913_proc_01107.png,4.990521431,65,61,127.60673899999999,4
2372,304,130,06240913_proc_01108.png,4.833375931,61,61,117.53166359999999,4
2381,309,123,06240913_proc_01111.png,3.4729311469999997,56,47,105.94814769999999,4
2383,311,128,06240913_proc_01112.png,3.759953499,57,54,100.87400699999999,4
2386,308,134,06240913_proc_01113.png,5.250068665,59,54,131.1699463,4
2388,306,136,06240913_proc_01114.png,5.945378304,60,58,147.7124834,4
2392,310,135,06240913_proc_01115.png,6.588913917999999,63,58,160.5005032,4
2396,310,133,06240913_proc_01116.png,6.419296265,61,60,160.93457019999997,4
2401,309,129,06240913_proc_01117.png,6.81116724,65,61,139.4022025,4
2405,306,127,06240913_proc_01118.png,6.698521137,71,66,133.24822939999999,4
2408,305,122,06240913_proc_01119.png,6.740522385,75,65,138.2150029,4
2409,308,119,06240913_proc_01120.png,4.829683781,69,61,120.2706446,4
2411,305,122,06240913_proc_01121.png,4.066829205,66,55,143.02297119999997,4
2413,301,126,06240913_proc_01122.png,4.807664871,61,50,161.9191625,4
2417,302,121,06240913_proc_01124.png,3.5793983939999996,62,54,143.55664119999997,4
2420,303,122,06240913_proc_01125.png,4.357676983,65,56,145.42334209999999,4
2423,304,127,06240913_proc_01126.png,5.321597576,69,59,160.4012247,4
2426,303,130,06240913_proc_01127.png,5.774224281,67,60,5.837127903,4
2429,305,131,06240913_proc_01128.png,5.850190639,67,59,12.8149196,4
2430,305,134,06240913_proc_01129.png,5.680712223,65,57,17.43374538,4
2432,306,133,06240913_proc_01130.png,5.361483574,66,56,17.23495784,4
2434,304,131,06240913_proc_01131.png,5.383154392000001,64,58,13.20462799,4
2436,305,129,06240913_proc_01132.png,5.289226532,65,59,171.04915490000002,4
2439,305,125,06240913_proc_01133.png,5.072475433,65,57,177.1511659,4
2443,308,121,06240913_proc_01134.png,4.488728046,63,54,151.89788159999998,4
2448,304,120,06240913_proc_01136.png,4.650738239,57,51,125.6233853,4
2451,305,123,06240913_proc_01137.png,3.834074259,57,52,107.24022820000002,4
2453,307,123,06240913_proc_01138.png,4.5637545589999995,62,56,48.89634755,4
2455,310,123,06240913_proc_01139.png,5.167321682,66,57,127.37948159999999,4
2458,310,125,06240913_proc_01140.png,5.735500813,65,59,98.3798678,4
2462,308,128,06240913_proc_01141.png,6.09988308,64,59,75.34946529999999,4
2465,308,129,06240913_proc_01142.png,6.623300552000001,63,60,126.27744080000001,4
2468,309,133,06240913_proc_01143.png,6.377922057999999,65,59,134.4978262,4
2471,308,134,06240913_proc_01144.png,5.14304924,63,56,123.413744,4
2475,308,134,06240913_proc_01145.png,4.549752712,62,55,122.43736499999999,4
2476,305,135,06240913_proc_01146.png,3.220355749,58,49,39.93990683,4
2478,299,129,06240913_proc_01147.png,2.941932201,52,42,55.9019189,4
2486,310,133,06240913_proc_01150.png,3.623984575,58,52,144.60726430000003,4
2489,306,131,06240913_proc_01151.png,4.878390789,62,54,151.8827767,4
2492,306,129,06240913_proc_01152.png,5.34196949,63,57,29.58716713,4
2495,309,125,06240913_proc_01153.png,5.914099693,64,58,6.6088065170000005,4
2497,310,125,06240913_proc_01154.png,5.801005363,63,56,52.17067535,4
2499,307,124,06240913_proc_01155.png,6.064381599,64,55,112.26332009999999,4
2501,308,129,06240913_proc_01156.png,5.6563220020000005,60,55,176.57503069999999,4
2505,306,131,06240913_proc_01157.png,5.337613106,62,56,162.56992240000002,4
2509,309,130,06240913_proc_01158.png,4.501308918,65,57,157.454121,4
2513,305,130,06240913_proc_01159.png,4.0839962960000005,64,52,40.59030818,4
2520,301,131,06240913_proc_01162.png,3.297446012,53,44,177.630176,4
2522,300,133,06240913_proc_01163.png,3.890739918,59,52,11.89574006,4
2524,301,134,06240913_proc_01164.png,4.744955063,59,55,17.45329508,4
2526,305,132,06240913_proc_01165.png,5.706985474,62,59,11.07167005,4
2529,306,128,06240913_proc_01166.png,6.201293945,63,61,13.61657719,4
2532,305,129,06240913_proc_01167.png,6.250941277000001,67,59,1.2382860820000001,4
2535,309,127,06240913_proc_01168.png,6.217973232,71,62,154.6338659,4
2539,306,125,06240913_proc_01169.png,5.79741621,71,64,131.7987335,4
2545,305,122,06240913_proc_01170.png,5.583453177999999,69,63,89.81361347,4
2546,307,124,06240913_proc_01171.png,4.3265428539999995,68,61,136.98592060000001,4
2547,304,122,06240913_proc_01172.png,3.377385616,64,44,124.6572892,4
2554,303,126,06240913_proc_01175.png,5.015940189,59,52,126.9757149,4
2557,306,130,06240913_proc_01176.png,5.391419888,61,56,122.82519679999999,4
2560,306,131,06240913_proc_01177.png,5.748152256,62,55,132.0520959,4
2562,308,135,06240913_proc_01178.png,6.357751846,63,58,141.7084056,4
2564,307,133,06240913_proc_01179.png,6.3951435089999995,61,54,156.22082619999998,4
2566,306,134,06240913_proc_01180.png,5.888095379,58,51,176.49092009999998,4
2568,304,131,06240913_proc_01181.png,5.664944649,61,54,150.7939711,4
2570,307,129,06240913_proc_01182.png,5.848960400000001,63,56,137.4147131,4
2571,310,128,06240913_proc_01183.png,5.055932045,65,54,159.6567785,4
2573,309,123,06240913_proc_01184.png,4.584438801,63,53,38.21014776,4
2575,308,127,06240913_proc_01185.png,4.114555359,54,45,117.7145692,4
2577,304,121,06240913_proc_01187.png,3.2302303310000005,61,50,114.31491770000001,4
2579,304,122,06240913_proc_01188.png,4.123692513,66,58,105.9440291,4
2581,304,123,06240913_proc_01189.png,4.934821606,64,57,158.13731409999997,4
2583,303,129,06240913_proc_01190.png,5.633710384,61,55,160.2426806,4
2587,306,128,06240913_proc_01191.png,5.8416819570000005,64,58,150.0368924,4
2591,308,131,06240913_proc_01192.png,6.098667622000001,62,55,154.2585299,4
2595,304,132,06240913_proc_01193.png,6.2280993460000005,62,57,118.2371128,4
2599,304,135,06240913_proc_01194.png,6.040267944,58,55,101.5454829,4
2602,302,131,06240913_proc_01195.png,5.559222221000001,60,57,79.32628147,4
2604,308,129,06240913_proc_01196.png,4.248678684,62,52,78.16674075,4
2605,305,123,06240913_proc_01197.png,2.711640358,55,45,87.76986378,4
2606,310,120,06240913_proc_01198.png,3.138982773,54,44,140.5771385,4
2608,314,131,06240913_proc_01199.png,3.00817275,46,41,66.58881195,4
2610,310,133,06240913_proc_01200.png,3.850904465,53,45,76.28232571,4
2613,309,128,06240913_proc_01201.png,4.038486958,62,51,63.79520311,4
2616,310,122,06240913_proc_01202.png,5.104101181,62,54,90.33191054,4
2619,309,126,06240913_proc_01203.png,6.184576988,63,57,123.87086459999999,4
2621,309,127,06240913_proc_01204.png,6.359026909,64,58,45.78552765,4
2623,308,129,06240913_proc_01205.png,6.342676162999999,66,61,24.09923649,4
2625,310,131,06240913_proc_01206.png,5.522154331,67,59,9.658693449,4
2627,312,132,06240913_proc_01207.png,5.459385872,69,59,171.9480437,4
2630,311,136,06240913_proc_01208.png,5.281261444,64,57,166.7630165,4
2634,307,137,06240913_proc_01209.png,3.896742105,59,49,167.55045280000002,4
2642,301,131,06240913_proc_01213.png,3.707631826,56,51,126.2577186,4
2644,303,131,06240913_proc_01214.png,4.637351036,59,56,109.8850346,4
2645,305,127,06240913_proc_01215.png,4.989933491,65,61,115.94445060000001,4
2646,309,125,06240913_proc_01216.png,5.502386092999999,69,60,122.5991858,4
2650,311,121,06240913_proc_01217.png,5.974350452,69,59,134.55747419999997,4
2654,306,119,06240913_proc_01218.png,6.353815078999999,65,59,126.53292739999999,4
2657,306,122,06240913_proc_01219.png,6.030314445,62,59,106.91983090000001,4
2661,305,123,06240913_proc_01220.png,5.522360802000001,66,58,127.0674717,4
2663,307,127,06240913_proc_01221.png,5.28869772,65,59,125.16458100000001,4
2666,304,132,06240913_proc_01222.png,3.9579157830000002,59,55,129.05831129999999,4
2667,301,128,06240913_proc_01223.png,4.1645650860000005,56,53,101.57282409999999,4
2674,307,136,06240913_proc_01226.png,4.692673683,63,56,149.589276,4
2677,307,135,06240913_proc_01227.png,5.543310642000001,60,55,119.80600729999999,4
2680,306,133,06240913_proc_01228.png,6.322255135,60,57,84.12144993,4
2684,309,130,06240913_proc_01229.png,6.1935672760000005,59,57,112.80308259999998,4
2686,310,131,06240913_proc_01230.png,5.760207176000001,62,56,127.42694109999998,4
2689,309,127,06240913_proc_01231.png,5.508030891000001,62,56,115.03563929999999,4
2691,308,127,06240913_proc_01232.png,5.467347145,62,54,116.7405091,4
2693,310,123,06240913_proc_01233.png,5.951004028,62,51,126.8366386,4
2695,312,122,06240913_proc_01234.png,4.4833230969999995,58,51,124.27674520000001,4
2697,318,126,06240913_proc_01235.png,3.35590148,53,46,119.61500790000001,4
2703,300,116,06240913_proc_01238.png,4.573871613000001,65,54,176.9071183,4
2704,301,125,06240913_proc_01239.png,4.454521656,66,58,140.1406996,4
2705,302,130,06240913_proc_01240.png,4.452373981,64,53,160.39610369999997,4
2708,302,132,06240913_proc_01241.png,5.461748123,66,56,156.25966599999998,4
2712,304,132,06240913_proc_01242.png,6.308885574,60,53,165.3077833,4
2715,304,134,06240913_proc_01243.png,6.698423862,65,55,166.1188785,4
2719,305,133,06240913_proc_01244.png,6.429715157,70,60,155.1445267,4
2723,302,127,06240913_proc_01245.png,5.784427166,71,58,157.58221269999999,4
2727,298,124,06240913_proc_01246.png,5.891968727,67,56,156.15223909999997,4
2728,302,119,06240913_proc_01247.png,4.989498138,62,52,179.8139061,4
2730,303,114,06240913_proc_01248.png,4.492589951,57,45,114.9295118,4
2735,313,118,06240913_proc_01250.png,4.098874092,58,48,132.6565199,4
2740,314,119,06240913_proc_01251.png,5.155999184,67,57,131.5862702,4
2744,312,120,06240913_proc_01252.png,6.216690063,63,55,145.08619030000003,4
2747,312,128,06240913_proc_01253.png,6.527740478999999,65,58,163.1523207,4
2750,312,128,06240913_proc_01254.png,6.035259247000001,68,56,151.05684119999998,4
2752,309,133,06240913_proc_01255.png,6.343598843,66,56,175.14013169999998,4
2754,309,135,06240913_proc_01256.png,6.318723679,60,52,23.44572569,4
2756,308,139,06240913_proc_01257.png,6.18524313,61,54,17.10431511,4
2758,305,137,06240913_proc_01258.png,5.419467926,64,55,137.8435294,4
2761,309,132,06240913_proc_01259.png,4.736328125,64,54,151.1676883,4
2764,309,124,06240913_proc_01260.png,4.251883984,66,50,157.52994119999997,4
2767,308,123,06240913_proc_01261.png,4.087379456,62,46,148.44743569999997,4
2771,302,131,06240913_proc_01262.png,4.507690907,60,44,84.79688051,4
2774,304,131,06240913_proc_01263.png,4.539362431,58,52,93.08533055,4
2776,305,125,06240913_proc_01264.png,4.423851013,62,52,145.7326609,4
2779,305,120,06240913_proc_01265.png,5.038894176,64,52,174.06326869999998,4
2782,306,118,06240913_proc_01266.png,5.846431255,63,56,100.9949218,4
2784,306,120,06240913_proc_01267.png,5.452755451,59,56,84.14163314,4
2786,302,125,06240913_proc_01268.png,5.354297638,67,59,111.2261627,4
2789,304,125,06240913_proc_01269.png,5.635623455,61,53,108.05308909999998,4
2792,305,132,06240913_proc_01270.png,6.198625087999999,59,51,117.32604070000001,4
2794,303,133,06240913_proc_01271.png,5.8762207029999995,59,54,90.60251579999999,4
2796,302,134,06240913_proc_01272.png,5.121031284,59,55,94.97258695,4
2803,312,134,06240913_proc_01277.png,5.689957618999999,57,54,105.76882109999998,4
2806,309,127,06240913_proc_01278.png,5.330835342,65,56,121.3995656,4
2811,309,121,06240913_proc_01279.png,5.620184422,66,58,120.5961236,4
2816,308,121,06240913_proc_01280.png,6.259422778999999,61,57,130.5472618,4
2820,315,123,06240913_proc_01281.png,5.935027122,60,55,38.88301702,4
2822,312,125,06240913_proc_01282.png,5.18371439,64,55,121.97181929999999,4
2824,315,128,06240913_proc_01283.png,4.835735798,64,54,134.43242030000002,4
2827,311,132,06240913_proc_01284.png,5.144422054,63,54,110.48519650000001,4
2837,299,138,06240913_proc_01289.png,4.352095604,61,58,100.2416613,4
2838,301,137,06240913_proc_01290.png,5.077528954,56,55,104.690102,4
2839,306,132,06240913_proc_01291.png,6.113976479,56,53,82.45016411,4
2841,307,129,06240913_proc_01292.png,6.0395026210000005,65,56,106.87433500000002,4
2845,307,126,06240913_proc_01293.png,5.773501873,69,59,120.60997520000001,4
2850,308,121,06240913_proc_01294.png,6.287553787,68,59,125.6622935,4
2854,303,116,06240913_proc_01295.png,6.1389465329999995,66,62,132.93102520000002,4
2857,299,114,06240913_proc_01296.png,5.7401418689999995,67,58,127.7325375,4
2860,303,117,06240913_proc_01297.png,4.744927406,66,57,122.36389950000002,4
2861,303,120,06240913_proc_01298.png,4.1398439410000005,58,51,122.08614979999999,4
2864,304,131,06240913_proc_01299.png,3.5380823610000003,52,42,80.75622256,4
2865,308,126,06240913_proc_01300.png,5.074881554,60,49,137.50125500000001,4
2866,312,125,06240913_proc_01301.png,5.3943290710000005,64,54,158.3404627,4
2868,315,125,06240913_proc_01302.png,5.204346657,65,53,151.06053630000002,4
2871,309,134,06240913_proc_01303.png,5.423826694,65,58,147.4510443,4
2874,310,140,06240913_proc_01304.png,5.737864494,63,54,172.52938669999998,4
2876,313,141,06240913_proc_01305.png,6.381371497999999,60,53,10.79064192,4
2878,312,143,06240913_proc_01306.png,5.447871685,61,52,5.734456926,4
2880,313,132,06240913_proc_01307.png,4.730010033,64,54,157.55977719999998,4
2882,311,125,06240913_proc_01308.png,5.468829632,70,54,155.9717002,4
2886,314,124,06240913_proc_01309.png,5.512398243,62,54,35.96803913,4
2888,312,114,06240913_proc_01310.png,5.266111851000001,63,51,166.95884919999997,4
2897,307,117,06240913_proc_01313.png,4.881631851,63,54,132.9290922,4
2899,306,114,06240913_proc_01314.png,5.365875244,64,53,159.5317604,4
2901,303,114,06240913_proc_01315.png,5.466561317000001,62,54,0.15159124599999999,4
2903,306,121,06240913_proc_01316.png,5.75623703,64,56,132.6307803,4
2904,303,129,06240913_proc_01317.png,5.309979439,66,58,8.46910416,4
2908,303,132,06240913_proc_01318.png,5.936033248999999,61,55,31.47997647,4
2910,300,135,06240913_proc_01319.png,6.538128853,61,59,13.64341386,4
2913,301,135,06240913_proc_01320.png,6.615101814,65,59,147.91959530000003,4
2914,300,132,06240913_proc_01321.png,5.817625522999999,69,60,147.1946936,4
2915,303,118,06240913_proc_01322.png,5.286080837,71,61,162.3607889,4
2916,305,116,06240913_proc_01323.png,4.457481383999999,64,55,155.3905638,4
2917,309,117,06240913_proc_01324.png,4.234454155,58,50,119.40394140000001,4
2918,310,147,06240913_proc_01325.png,1.826895475,46,30,169.48666210000002,4
2920,310,127,06240913_proc_01326.png,3.488338947,56,45,127.1287317,4
2923,311,118,06240913_proc_01327.png,4.376430988,64,54,138.99188909999998,4
2927,309,116,06240913_proc_01328.png,5.34360981,63,55,138.81112480000002,4
2931,312,117,06240913_proc_01329.png,6.654781342000001,60,54,147.12714309999998,4
2934,311,120,06240913_proc_01330.png,6.404209614,62,57,147.0325449,4
2938,311,125,06240913_proc_01331.png,5.842137814,67,57,137.5827084,4
2940,313,139,06240913_proc_01332.png,5.188818932,60,54,160.9364024,4
2942,310,138,06240913_proc_01333.png,5.309206963,56,46,26.58468427,4
2945,314,143,06240913_proc_01334.png,4.563662052,57,49,170.0453425,4
2948,315,146,06240913_proc_01335.png,3.53178668,59,50,158.8837564,4
2956,306,132,06240913_proc_01339.png,4.89669323,56,51,121.5772666,4
2957,307,129,06240913_proc_01340.png,4.741019249,59,53,129.3970648,4
2959,307,123,06240913_proc_01341.png,5.01096344,64,56,115.5886797,4
2962,300,117,06240913_proc_01342.png,5.816853046,67,58,141.8001761,4
2965,304,116,06240913_proc_01343.png,6.00670433,65,56,149.1463075,4
2968,305,116,06240913_proc_01344.png,6.24864006,64,59,118.149625,4
2971,309,122,06240913_proc_01345.png,5.857733727,67,55,124.2094132,4
2974,305,131,06240913_proc_01346.png,5.618928432000001,64,54,136.6785416,4
2977,304,134,06240913_proc_01347.png,5.887110233,59,52,148.1962691,4
2979,304,144,06240913_proc_01348.png,4.324924469,60,47,175.71194580000002,4
2984,311,144,06240913_proc_01352.png,4.541956425,60,47,161.8560994,4
2987,313,144,06240913_proc_01353.png,4.915827274,56,42,173.4839923,4
2990,312,137,06240913_proc_01354.png,5.888468266,63,55,155.59655880000003,4
2992,312,129,06240913_proc_01355.png,5.23888731,61,53,144.17774780000002,4
2996,312,125,06240913_proc_01356.png,5.808413506,64,54,148.04893859999999,4
2998,314,124,06240913_proc_01357.png,5.654289722000001,61,52,28.84216083,4
3001,313,121,06240913_proc_01358.png,5.399410248,62,50,170.19615990000003,4
3004,312,120,06240913_proc_01359.png,5.215600491,63,54,1.3432479469999998,4
3007,313,129,06240913_proc_01360.png,4.139279366,63,50,89.39613865,4
3010,310,145,06240913_proc_01361.png,3.10468626,51,40,124.6500321,4
3013,312,149,06240913_proc_01362.png,3.011044025,49,40,131.79748700000002,4
3016,308,118,06240913_proc_01363.png,4.3296413419999995,58,50,129.8446778,4
3020,308,123,06240913_proc_01364.png,3.658806562,60,46,153.4850485,4
3024,305,134,06240913_proc_01365.png,3.9151496889999997,61,50,10.29008723,4
3027,300,136,06240913_proc_01366.png,4.669481277,54,48,175.9578697,4
3028,300,138,06240913_proc_01367.png,5.5094251629999995,60,54,2.64323988,4
3029,302,137,06240913_proc_01368.png,6.588756084,63,56,90.93462692,4
3030,302,131,06240913_proc_01369.png,5.861192226,67,57,109.5871017,4
3031,301,124,06240913_proc_01370.png,5.401507378,69,56,119.67097450000001,4
3032,305,116,06240913_proc_01371.png,6.11315155,62,50,143.8369829,4
3033,297,111,06240913_proc_01372.png,5.879164696,62,52,143.38351640000002,4
3034,301,116,06240913_proc_01373.png,4.440734863,61,46,132.8368949,4
3036,302,114,06240913_proc_01374.png,3.638132095,61,43,153.958268,4
3038,301,117,06240913_proc_01375.png,4.092458725,62,46,165.2222283,4
3041,312,127,06240913_proc_01377.png,4.923044682,60,45,152.7633622,4
3043,314,131,06240913_proc_01378.png,4.702000141,55,48,154.866135,4
3045,313,135,06240913_proc_01379.png,5.140223026,57,52,140.81364059999999,4
3047,313,137,06240913_proc_01380.png,5.57981348,58,52,149.1077852,4
3051,316,137,06240913_proc_01381.png,5.9845952989999995,58,49,163.6029868,4
3054,313,138,06240913_proc_01382.png,5.572155476,57,48,1.97925734,4
3057,308,137,06240913_proc_01383.png,5.09156847,59,50,169.5352571,4
3059,310,134,06240913_proc_01384.png,5.155967236,63,50,160.7935098,4
3060,309,128,06240913_proc_01385.png,5.369344711,62,48,168.86732780000003,4
3061,314,123,06240913_proc_01386.png,5.52541399,58,48,134.3117786,4
3065,302,114,06240913_proc_01390.png,5.031497002,59,49,120.6789328,4
3066,300,115,06240913_proc_01391.png,5.453176022,60,53,155.0888965,4
3067,303,120,06240913_proc_01392.png,5.642306805,62,48,155.873243,4
3069,307,126,06240913_proc_01393.png,5.376387596,63,52,126.10051840000001,4
3071,304,131,06240913_proc_01394.png,5.371582031,61,51,130.6592189,4
3073,302,136,06240913_proc_01395.png,5.698425293,58,53,151.0268976,4
3075,302,137,06240913_proc_01396.png,5.609285355,60,56,157.9058629,4
3080,299,137,06240913_proc_01397.png,4.847114086,60,55,164.87729009999998,4
3082,302,131,06240913_proc_01398.png,4.169911385,57,50,118.5554338,4
3083,306,122,06240913_proc_01399.png,3.281298161,55,40,141.05756719999997,4
3084,302,121,06240913_proc_01400.png,3.0778379439999997,55,39,15.53433295,4
3085,311,149,06240913_proc_01401.png,2.9430594439999997,47,35,146.90153850000002,4
3086,317,140,06240913_proc_01402.png,3.9569654460000003,48,42,164.9544832,4
3087,317,127,06240913_proc_01403.png,4.315144062,59,50,88.33518488,4
3089,316,121,06240913_proc_01404.png,5.830693722,59,53,98.17694971,4
3091,312,120,06240913_proc_01405.png,5.985513687,60,52,158.1463521,4
3093,315,119,06240913_proc_01406.png,5.941233157999999,57,49,137.23103559999998,4
3095,316,122,06240913_proc_01407.png,5.490838527999999,60,52,165.8225174,4
3097,312,132,06240913_proc_01408.png,5.3913507460000005,60,53,83.21641572,4
3099,312,138,06240913_proc_01409.png,5.409006119,57,49,174.5252158,4
3101,312,142,06240913_proc_01410.png,4.523004532,55,44,178.2650402,4
3103,311,145,06240913_proc_01411.png,4.270493507,57,48,151.61007450000002,4
3112,299,150,06240913_proc_01414.png,3.378657818,56,47,166.8588603,4
3115,306,145,06240913_proc_01415.png,3.969685078,55,45,160.6932204,4
3116,308,134,06240913_proc_01416.png,4.741497993,56,46,175.2792695,4
3117,301,130,06240913_proc_01417.png,4.742248535,59,52,90.67626819,4
3118,303,126,06240913_proc_01418.png,5.609781265,63,54,130.88448190000003,4
3119,305,119,06240913_proc_01419.png,5.865148544,66,54,148.90254140000002,4
3120,307,116,06240913_proc_01420.png,5.943858624,63,48,146.18987380000002,4
3121,302,118,06240913_proc_01421.png,5.858361244,66,52,146.4170493,4
3122,304,125,06240913_proc_01422.png,5.626070023,66,49,135.8047248,4
3124,306,128,06240913_proc_01423.png,5.135902405,58,46,153.5002116,4
3125,301,132,06240913_proc_01424.png,4.7391166689999995,59,46,146.9802906,4
3126,302,130,06240913_proc_01425.png,4.045112133,57,47,59.52890986,4
3130,314,143,06240913_proc_01428.png,3.808197975,53,44,154.81976830000002,4
3133,316,146,06240913_proc_01429.png,4.709582329,56,47,163.4963847,4
3136,315,136,06240913_proc_01430.png,5.690071106,59,51,162.90327150000002,4
3140,313,135,06240913_proc_01431.png,5.292042255,61,54,158.76228490000003,4
3142,310,129,06240913_proc_01432.png,5.551016807999999,60,53,151.6135853,4
3145,311,124,06240913_proc_01433.png,5.368844509,60,49,171.6549321,4
3146,311,126,06240913_proc_01434.png,5.171354771,56,47,174.42024469999998,4
3148,313,118,06240913_proc_01435.png,5.1094288830000005,60,50,169.174221,4
3149,319,125,06240913_proc_01436.png,3.7165005210000004,56,46,170.7133128,4
3154,306,112,06240913_proc_01439.png,4.014699936,57,49,117.8786235,4
3155,299,118,06240913_proc_01440.png,4.166125298,61,49,162.992648,4
3156,299,126,06240913_proc_01441.png,3.67041564,55,42,165.113741,4
3157,295,134,06240913_proc_01442.png,4.32655859,57,48,2.909555145,4
3158,295,135,06240913_proc_01443.png,4.9933686260000005,61,51,5.562737433,4
3160,301,136,06240913_proc_01444.png,5.865222931,63,52,177.75546540000002,4
3163,298,133,06240913_proc_01445.png,5.842175007000001,61,56,138.0787612,4
3167,297,128,06240913_proc_01446.png,5.457070827000001,65,58,113.5791287,4
3170,298,121,06240913_proc_01447.png,5.34235239,65,55,141.3960269,4
3173,297,111,06240913_proc_01448.png,4.580003738,61,51,143.4642355,4
3175,300,108,06240913_proc_01449.png,4.218626022,57,44,142.965642,4
3180,332,115,06240913_proc_01452.png,3.124305964,57,39,1.237342129,4
3181,323,114,06240913_proc_01453.png,4.304742336,55,43,167.29170219999997,4
3183,317,124,06240913_proc_01454.png,4.903333187,59,51,17.79424276,4
3185,314,123,06240913_proc_01455.png,5.622313499,60,54,169.8716072,4
3188,314,132,06240913_proc_01456.png,5.588710308,61,55,174.20959140000002,4
3191,312,139,06240913_proc_01457.png,5.759001255,60,53,179.06722340000002,4
3194,314,143,06240913_proc_01458.png,5.143671036000001,55,45,2.8705712,4
3196,312,139,06240913_proc_01459.png,5.237709999,60,50,10.83089308,4
3198,313,135,06240913_proc_01460.png,4.533322334,57,49,21.69704871,4
3201,316,129,06240913_proc_01461.png,4.573957443,62,53,24.10022686,4
3204,313,125,06240913_proc_01462.png,4.721556187,61,53,173.914894,4
3208,307,121,06240913_proc_01463.png,4.95202446,59,50,124.94966229999999,4
3214,303,123,06240913_proc_01465.png,4.005295753,60,54,111.5918169,4
3217,300,123,06240913_proc_01466.png,4.3853893280000005,63,56,62.19910402,4
3219,299,125,06240913_proc_01467.png,5.064116955,62,54,19.93162581,4
3221,306,125,06240913_proc_01468.png,5.501493453999999,60,49,147.58147019999998,4
3222,305,126,06240913_proc_01469.png,5.474623202999999,61,49,118.76758629999999,4
3223,303,132,06240913_proc_01470.png,5.897652149,63,57,130.45086740000002,4
3224,305,129,06240913_proc_01471.png,5.711107731,62,56,108.2951305,4
3226,302,134,06240913_proc_01472.png,5.045405865,58,52,133.0398301,4
3229,300,135,06240913_proc_01473.png,5.085410118,63,56,127.30893940000001,4
3231,297,134,06240913_proc_01474.png,3.639014721,58,51,101.7405326,4
3235,312,151,06240913_proc_01477.png,3.1691389080000003,50,35,127.78679309999998,4
3237,316,137,06240913_proc_01478.png,4.835344315,51,47,144.3118108,4
3241,314,133,06240913_proc_01479.png,4.617489815,57,53,120.16451709999998,4
3245,314,126,06240913_proc_01480.png,5.175301552,61,56,143.9898835,4
3249,314,120,06240913_proc_01481.png,5.471954346,61,55,154.98780630000002,4
3253,313,119,06240913_proc_01482.png,5.509300232,57,52,165.30868999999998,4
3255,311,124,06240913_proc_01483.png,5.913228035,57,51,148.960441,4
3256,307,125,06240913_proc_01484.png,5.228334904,60,46,163.2258118,4
3257,313,135,06240913_proc_01485.png,5.101549148999999,55,47,2.610255189,4
3259,314,137,06240913_proc_01486.png,5.0979061130000005,53,48,158.8505498,4
3264,298,134,06240913_proc_01491.png,4.108065605,55,49,142.7639704,4
3266,302,135,06240913_proc_01492.png,4.871275425,54,45,151.45267969999998,4
3267,302,128,06240913_proc_01493.png,5.058764935,58,49,115.06638190000001,4
3268,302,129,06240913_proc_01494.png,5.722762585,63,55,112.6234213,4
3270,303,123,06240913_proc_01495.png,6.010009289,63,57,149.0737811,4
3273,303,119,06240913_proc_01496.png,5.7438025470000005,64,55,144.3712949,4
3276,300,118,06240913_proc_01497.png,5.549156189,64,56,151.41365369999997,4
3278,303,120,06240913_proc_01498.png,5.483766556,66,55,152.3075154,4
3280,303,125,06240913_proc_01499.png,4.69217062,60,52,155.4042993,4
3283,306,132,06240913_proc_01500.png,3.277651548,51,41,9.266511671,4
3286,308,131,06240913_proc_01501.png,3.92895937,55,43,48.74182135,4
3288,326,122,06240913_proc_01502.png,2.7150206569999997,50,39,172.5421139,4
3290,320,136,06240913_proc_01503.png,3.611755848,56,45,8.427942025,4
3292,318,139,06240913_proc_01504.png,4.529494762,59,49,4.743881848,4
3294,310,140,06240913_proc_01505.png,5.375510216,59,50,171.288337,4
3295,315,142,06240913_proc_01505.png,4.840559959,58,47,176.49203380000003,4
3298,314,143,06240913_proc_01506.png,5.515580177,55,46,175.8811936,4
3301,311,138,06240913_proc_01507.png,6.210689545,60,51,169.00437730000002,4
3304,315,136,06240913_proc_01508.png,5.531589985,58,51,29.03461165,4
3306,313,127,06240913_proc_01509.png,5.980869293,63,54,135.1020486,4
3308,316,124,06240913_proc_01510.png,5.78728056,61,51,104.2187096,4
3310,320,118,06240913_proc_01511.png,4.274804115,58,46,145.58827409999998,4
3312,325,123,06240913_proc_01512.png,2.790187359,52,40,143.14190180000003,4
3318,301,111,06240913_proc_01515.png,3.3331477639999996,57,49,84.59769853,4
3321,304,117,06240913_proc_01516.png,4.833530903,64,55,134.442686,4
3324,303,121,06240913_proc_01517.png,4.962409019,64,53,161.0437269,4
3326,300,132,06240913_proc_01518.png,4.367464542,55,48,2.125506205,4
3327,298,134,06240913_proc_01519.png,5.024704456,62,50,160.7076475,4
3328,295,139,06240913_proc_01520.png,5.804290295,63,55,175.9998976,4
3329,301,137,06240913_proc_01521.png,5.797243118,62,52,158.9826832,4
3331,298,134,06240913_proc_01522.png,6.100906372000001,64,56,143.71625930000002,4
3333,299,130,06240913_proc_01523.png,5.130545139,62,55,131.5589392,4
3336,301,123,06240913_proc_01524.png,4.229708672,62,50,158.5033081,4
3338,302,123,06240913_proc_01525.png,3.952540874,59,46,151.23327859999998,4
3342,328,126,06240913_proc_01528.png,3.2377922530000003,50,41,63.71965439,4
3343,317,122,06240913_proc_01529.png,4.4768157010000005,60,49,138.1059521,4
3344,315,120,06240913_proc_01530.png,5.158623695,58,50,138.0894231,4
3346,311,126,06240913_proc_01531.png,5.86801815,61,52,134.587247,4
3349,310,130,06240913_proc_01532.png,5.72297287,59,54,146.4121486,4
3351,312,132,06240913_proc_01533.png,5.723891257999999,56,51,3.434489761,4
3353,312,137,06240913_proc_01534.png,5.549123764,55,50,179.6848345,4
3356,312,140,06240913_proc_01535.png,4.968357086,57,50,161.3783618,4
3358,312,138,06240913_proc_01536.png,4.833758831,60,53,148.7869746,4
3360,314,136,06240913_proc_01537.png,3.84325099,57,46,106.6866824,4
3365,303,129,06240913_proc_01541.png,4.263953208999999,60,50,86.07636618,4
3367,302,127,06240913_proc_01542.png,4.527317524,59,49,97.84597240000001,4
3369,302,125,06240913_proc_01543.png,5.165374756,63,49,89.26534736,4
3371,301,126,06240913_proc_01544.png,5.889925002999999,67,56,157.9088733,4
3372,302,124,06240913_proc_01545.png,6.004257202000001,67,59,137.29185159999997,4
3374,307,123,06240913_proc_01546.png,5.794009686,69,61,137.2074749,4
3376,305,127,06240913_proc_01547.png,5.766829014,67,60,126.0134847,4
3378,300,131,06240913_proc_01548.png,5.8390817639999995,65,60,122.3063483,4
3380,299,134,06240913_proc_01549.png,5.031159878,61,56,134.5491585,4
3383,295,133,06240913_proc_01550.png,4.175481796000001,62,53,23.29261676,4
3386,292,126,06240913_proc_01551.png,2.9137167930000003,58,48,55.45957878,4
3389,311,125,06240913_proc_01553.png,4.103541851,55,46,47.97884824,4
3391,312,137,06240913_proc_01554.png,4.570132256,55,47,161.4078221,4
3393,317,133,06240913_proc_01555.png,5.440813065,54,49,168.51133069999997,4
3396,315,129,06240913_proc_01556.png,5.350272655,56,53,6.3627344379999995,4
3399,313,126,06240913_proc_01557.png,6.130713462999999,56,54,143.2648487,4
3402,313,122,06240913_proc_01558.png,5.79553318,59,55,33.48127312,4
3405,313,125,06240913_proc_01559.png,5.7653207779999995,59,54,54.86856592,4
3408,313,126,06240913_proc_01560.png,5.254483223,60,55,111.4235347,4
3410,312,126,06240913_proc_01561.png,4.772308826000001,60,53,26.18230246,4
3412,312,128,06240913_proc_01562.png,4.29334116,55,48,109.05382790000002,4
3420,294,126,06240913_proc_01566.png,3.4907233719999997,58,52,74.75407771,4
3422,297,130,06240913_proc_01567.png,4.088225365,58,57,130.1683161,4
3425,302,133,06240913_proc_01568.png,5.303318024,58,56,116.2146324,4
3428,304,131,06240913_proc_01569.png,5.476912498,59,54,26.17256261,4
3429,304,129,06240913_proc_01570.png,5.787554741,61,53,36.19712709,4
3430,305,128,06240913_proc_01571.png,6.6355161670000005,64,58,40.99760602,4
3431,303,122,06240913_proc_01572.png,6.063698292000001,65,59,136.48103989999998,4
3433,299,122,06240913_proc_01573.png,6.1206955910000005,64,58,162.4077362,4
3435,301,118,06240913_proc_01574.png,5.106352806,66,58,135.11964319999998,4
3437,298,117,06240913_proc_01575.png,3.989316463,62,55,104.9711233,4
3441,307,125,06240913_proc_01578.png,4.746684551,56,45,99.88427843,4
3443,315,124,06240913_proc_01579.png,4.527144432,55,49,95.16188564,4
3445,309,127,06240913_proc_01580.png,4.686415195,58,54,123.14658109999999,4
3447,311,132,06240913_proc_01581.png,5.164126396,59,53,140.16661000000002,4
3450,308,132,06240913_proc_01582.png,5.3793001170000005,60,57,139.31885369999998,4
3453,309,131,06240913_proc_01583.png,5.718693256,60,57,138.8732249,4
3456,309,132,06240913_proc_01584.png,5.798467158999999,61,57,149.3593957,4
3459,309,135,06240913_proc_01585.png,5.376729965,59,56,152.0274811,4
3461,309,132,06240913_proc_01586.png,5.281356335,59,55,141.90036809999998,4
3463,313,131,06240913_proc_01587.png,4.3515176769999995,58,53,10.612368,4
3465,313,123,06240913_proc_01588.png,3.767028093,53,49,79.17495863,4
3470,293,116,06240913_proc_01591.png,3.440946579,60,55,87.49780368,4
3473,294,125,06240913_proc_01592.png,4.360095024,59,53,73.25058915,4
3475,298,126,06240913_proc_01593.png,5.3935337070000005,58,53,52.71790328,4
3476,297,127,06240913_proc_01594.png,6.069680214,62,56,45.18812857,4
3478,301,131,06240913_proc_01595.png,6.17863369,62,56,30.43881658,4
3479,304,130,06240913_proc_01596.png,6.005383492000001,61,57,122.4306304,4
3481,302,132,06240913_proc_01597.png,5.7518177029999995,64,57,128.99006070000002,4
3483,299,130,06240913_proc_01598.png,5.788300037000001,64,56,120.9480149,4
3486,297,130,06240913_proc_01599.png,5.004178523999999,64,58,106.6982459,4
3489,301,129,06240913_proc_01600.png,3.5736985210000003,60,55,94.30127497,4
3492,300,132,06240913_proc_01601.png,2.348628998,59,52,65.07093902,4
3498,315,128,06240913_proc_01604.png,4.177769184,62,53,69.03122613,4
3500,314,129,06240913_proc_01605.png,4.603528976000001,59,52,22.77024389,4
3502,316,125,06240913_proc_01606.png,5.002220631,61,58,163.09548669999998,4
3505,315,123,06240913_proc_01607.png,5.631691933,63,59,110.5008854,4
3508,312,128,06240913_proc_01608.png,5.676002502,62,57,125.7922959,4
3511,311,127,06240913_proc_01609.png,5.490175247000001,63,57,126.90689740000002,4
3514,314,127,06240913_proc_01610.png,5.661879539,62,55,106.6501614,4
3516,312,129,06240913_proc_01611.png,5.194561958,64,56,110.3842736,4
3518,311,131,06240913_proc_01612.png,4.232580662,62,52,56.01055306,4
3521,314,131,06240913_proc_01613.png,3.634293079,58,53,93.31890936,4
3528,305,128,06240913_proc_01616.png,2.307164669,61,54,78.09550188,4
3531,303,131,06240913_proc_01617.png,3.8295764919999997,63,56,86.81049541,4
3534,303,131,06240913_proc_01618.png,4.396145344,62,57,87.69010083,4
3536,304,128,06240913_proc_01619.png,5.06985569,61,55,83.1385379,4
3537,308,127,06240913_proc_01620.png,5.713545798999999,66,58,72.89272822,4
3538,305,128,06240913_proc_01621.png,5.848823071,61,57,81.00414476,4
3540,306,127,06240913_proc_01622.png,6.504636765,64,60,79.01660753,4
3542,304,127,06240913_proc_01623.png,5.865577221000001,64,57,94.79106101,4
3544,302,120,06240913_proc_01624.png,5.014233111999999,67,61,90.16357370000001,4
3547,299,125,06240913_proc_01625.png,4.067504883,67,61,61.70728258,4
3550,299,126,06240913_proc_01626.png,3.1814014910000004,57,52,83.80156485,4
3558,314,129,06240913_proc_01629.png,3.9001111980000003,56,48,59.96843254,4
3561,310,130,06240913_proc_01630.png,3.9779829980000003,59,54,86.64256155,4
3564,310,129,06240913_proc_01631.png,4.927269459,63,58,97.96692139,4
3567,306,129,06240913_proc_01632.png,5.618513584,61,59,99.77993363,4
3570,308,131,06240913_proc_01633.png,5.685527802,61,57,133.4971864,4
3572,305,130,06240913_proc_01634.png,5.4749341010000006,59,54,94.59444718,4
3575,304,132,06240913_proc_01635.png,5.16143322,58,52,54.62975519,4
3577,309,132,06240913_proc_01636.png,5.232732773,61,54,73.32746293,4
3578,311,129,06240913_proc_01637.png,4.432135582,60,51,70.70379602,4
3579,311,129,06240913_proc_01638.png,3.803488493,53,47,100.26741109999999,4
3589,298,123,06240913_proc_01642.png,3.4309837819999998,63,58,108.92715520000002,4
3592,302,125,06240913_proc_01643.png,4.4418463710000005,57,52,61.67110989999999,4
3594,299,126,06240913_proc_01644.png,5.271028996,57,51,153.36399880000002,4
3596,303,128,06240913_proc_01645.png,5.663210392000001,60,51,28.71919693,4
3598,304,129,06240913_proc_01646.png,6.259185314,59,53,129.34748100000002,4
3601,303,130,06240913_proc_01647.png,6.03467083,60,57,120.9260764,4
3603,306,132,06240913_proc_01648.png,5.795708656,62,58,138.72878,4
3606,300,132,06240913_proc_01649.png,4.797050476,57,55,85.0326723,4
3609,298,129,06240913_proc_01650.png,4.614620686,53,52,83.80648259,4
3612,300,126,06240913_proc_01651.png,4.199810505,54,50,112.3892961,4
3618,315,130,06240913_proc_01653.png,3.7398622039999996,46,42,82.02512827,4
3620,314,131,06240913_proc_01654.png,3.487429857,52,45,98.14837902,4
3622,311,131,06240913_proc_01655.png,4.0727295880000005,54,48,124.5169629,4
3624,310,124,06240913_proc_01656.png,4.893409729,61,57,104.4259786,4
3627,313,121,06240913_proc_01657.png,5.422053337,62,58,109.2757544,4
3630,310,124,06240913_proc_01658.png,5.528679371,59,56,101.47933929999999,4
3633,308,123,06240913_proc_01659.png,5.904621124,59,56,106.2553764,4
3636,309,126,06240913_proc_01660.png,6.333048344,60,54,129.5588959,4
3639,311,131,06240913_proc_01661.png,5.2426424030000005,58,51,156.0264731,4
3642,309,134,06240913_proc_01662.png,5.288187504,60,52,158.87880969999998,4
3645,309,137,06240913_proc_01663.png,4.369662285,54,50,139.18989630000002,4
3648,308,134,06240913_proc_01664.png,3.5831344130000002,53,50,139.4805345,4
3655,302,135,06240913_proc_01667.png,3.402366638,55,50,104.57314179999999,4
3658,302,133,06240913_proc_01668.png,4.118506432,55,54,100.63432879999999,4
3661,307,129,06240913_proc_01669.png,4.923655987,54,52,96.50891506,4
3663,307,127,06240913_proc_01670.png,5.746713637999999,55,52,96.31948659,4
3664,309,126,06240913_proc_01671.png,6.116635799,59,53,98.65289778,4
3666,310,122,06240913_proc_01672.png,6.243267059,56,54,160.338737,4
3668,308,122,06240913_proc_01673.png,5.935907841000001,58,57,156.0689689,4
3671,303,122,06240913_proc_01674.png,5.752850056000001,59,56,121.37072169999999,4
3673,303,126,06240913_proc_01675.png,5.236397743,54,51,131.4913237,4
3675,302,132,06240913_proc_01676.png,4.122058392,57,53,131.6114702,4
3678,303,128,06240913_proc_01677.png,3.562963724,52,49,130.1021247,4
3682,314,121,06240913_proc_01678.png,1.71811223,45,42,116.76877240000002,4
3685,313,125,06240913_proc_01679.png,2.107367754,53,42,32.22746554,4
3689,309,132,06240913_proc_01680.png,3.568685055,61,56,126.1477935,4
3692,309,133,06240913_proc_01681.png,4.677272797,63,59,152.5033096,4
3695,308,131,06240913_proc_01682.png,4.940767765,64,63,101.186775,4
3698,309,132,06240913_proc_01683.png,5.085067272,64,62,92.50190945,4
3701,308,125,06240913_proc_01684.png,5.388458729,65,61,80.4908902,4
3704,308,126,06240913_proc_01685.png,5.254998683999999,64,61,64.77657835,4
3707,310,124,06240913_proc_01686.png,5.837576866,65,57,12.2635577,4
3709,309,126,06240913_proc_01687.png,5.01651144,67,56,67.74548399999999,4
3712,308,123,06240913_proc_01688.png,3.957921982,63,53,108.03386210000001,4
3714,310,125,06240913_proc_01689.png,3.576096058,60,54,120.68988159999999,4
3722,308,117,06240913_proc_01692.png,3.888756275,65,58,151.9709237,4
3724,306,126,06240913_proc_01693.png,4.737253666,68,63,1.074489822,4
3726,306,129,06240913_proc_01694.png,5.684549809,67,63,150.6628349,4
3729,308,135,06240913_proc_01695.png,6.2507629389999995,62,56,155.84697580000002,4
3732,306,136,06240913_proc_01696.png,6.380023003,63,57,34.85025477,4
3734,309,133,06240913_proc_01697.png,6.441604614,55,54,113.8589274,4
3736,308,129,06240913_proc_01698.png,5.84146452,64,60,115.73741389999999,4
3739,308,129,06240913_proc_01699.png,5.007552624,62,56,64.86470828,4
3741,306,124,06240913_proc_01700.png,4.687072754,63,58,48.79176711,4
3743,306,120,06240913_proc_01701.png,4.707935333,65,57,173.8378908,4
3746,303,115,06240913_proc_01702.png,3.877653122,58,53,51.48154683,4
3751,309,111,06240913_proc_01704.png,4.214298248,55,44,162.7559256,4
3752,308,118,06240913_proc_01705.png,3.6911380289999998,60,50,34.75387055,4
3754,306,118,06240913_proc_01706.png,4.904855251,63,57,173.9356193,4
3757,312,126,06240913_proc_01707.png,5.657591342999999,59,55,146.15945209999998,4
3759,310,128,06240913_proc_01708.png,5.159324646,59,57,113.00808390000002,4
3762,308,132,06240913_proc_01709.png,5.324773788,58,54,166.0394451,4
3765,307,134,06240913_proc_01710.png,5.474574089,58,55,112.77133590000001,4
3769,305,133,06240913_proc_01711.png,5.549435616,60,57,45.52742163,4
3773,302,135,06240913_proc_01712.png,5.14264822,59,52,178.806356,4
3775,306,133,06240913_proc_01713.png,4.17099762,61,54,174.9568176,4
3778,310,124,06240913_proc_01714.png,2.854675055,52,46,130.7195807,4
3781,307,118,06240913_proc_01715.png,3.2104542260000004,58,53,130.7814007,4
3786,306,134,06240913_proc_01717.png,3.024258137,53,48,117.2184379,4
3789,305,126,06240913_proc_01718.png,3.6677572730000003,60,55,129.5591623,4
3791,306,121,06240913_proc_01719.png,5.050239563,63,58,135.5806365,4
3793,309,123,06240913_proc_01720.png,5.367135048,62,56,175.6260792,4
3796,310,125,06240913_proc_01721.png,5.715195656000001,65,57,16.713157,4
3799,309,126,06240913_proc_01722.png,6.263102055,65,59,32.91863629,4
3801,312,129,06240913_proc_01723.png,6.291548729,69,64,147.4093733,4
3804,310,133,06240913_proc_01724.png,5.74435997,65,61,151.2584786,4
3806,311,140,06240913_proc_01725.png,5.864057541,62,58,170.55481909999997,4
3808,310,138,06240913_proc_01726.png,5.245633125,62,56,148.05351480000002,4
3811,307,132,06240913_proc_01727.png,4.748787403,56,54,104.25146720000001,4
3819,305,136,06240913_proc_01730.png,4.584737778,56,49,127.4159548,4
3822,306,135,06240913_proc_01731.png,5.2489957810000005,59,55,3.621462774,4
3825,308,126,06240913_proc_01732.png,5.5630273820000005,61,59,157.28870580000003,4
3827,306,120,06240913_proc_01733.png,6.469201565,66,64,147.38671409999998,4
3830,307,120,06240913_proc_01734.png,6.46267128,69,63,178.7539495,4
3833,308,120,06240913_proc_01735.png,6.487062454,68,62,0.757899135,4
3837,306,124,06240913_proc_01736.png,6.168520927,67,62,166.36025049999998,4
3842,307,129,06240913_proc_01737.png,5.302557468,63,58,120.8790437,4
3845,307,135,06240913_proc_01738.png,5.467346191,61,57,1.4559875830000002,4
3848,307,139,06240913_proc_01739.png,5.35173893,61,55,174.6368561,4
3855,305,131,06240913_proc_01742.png,3.2828178410000004,58,52,16.3781533,4
3857,306,136,06240913_proc_01743.png,4.5541849139999995,62,55,179.0389272,4
3858,310,146,06240913_proc_01743.png,4.18372345,64,54,13.27496869,4
3863,311,137,06240913_proc_01744.png,5.721922874,68,63,1.3212434259999999,4
3868,312,136,06240913_proc_01745.png,6.507849216,69,65,1.531698843,4
3873,310,132,06240913_proc_01746.png,6.477006912,68,61,16.28898176,4
3876,310,125,06240913_proc_01747.png,6.488712788,69,62,157.0129454,4
3879,311,121,06240913_proc_01748.png,6.280730724,68,63,124.36010759999999,4
3883,310,116,06240913_proc_01749.png,6.542728901,69,62,141.0811416,4
3887,308,120,06240913_proc_01750.png,5.549180507999999,69,62,170.54609530000002,4
3890,308,123,06240913_proc_01751.png,4.652779102,64,59,116.94725890000001,4
3892,310,132,06240913_proc_01752.png,4.191775799,61,55,120.3404081,4
3894,308,133,06240913_proc_01753.png,4.286692619,58,54,114.38830120000002,4
3899,306,123,06240913_proc_01754.png,5.341365337,61,57,114.5523078,4
3902,303,119,06240913_proc_01755.png,4.636698723,66,57,161.8965324,4
3904,303,131,06240913_proc_01756.png,5.061390877,61,54,151.1329465,4
3905,304,136,06240913_proc_01757.png,5.646302222999999,59,57,129.7011995,4
3908,303,136,06240913_proc_01758.png,5.678620815,57,53,141.2441816,4
3911,306,134,06240913_proc_01759.png,5.617932796,59,54,34.48895825,4
3914,301,132,06240913_proc_01760.png,6.167551994,61,61,46.0401571,4
3918,302,131,06240913_proc_01761.png,6.2106423379999995,61,62,106.4473457,4
3922,303,125,06240913_proc_01762.png,5.96294117,63,60,152.4931668,4
3925,304,121,06240913_proc_01763.png,5.674359322000001,62,53,149.41752749999998,4
3927,303,116,06240913_proc_01764.png,4.973053932,62,55,151.8330324,4
3930,302,120,06240913_proc_01765.png,4.925408363,59,54,127.50703190000002,4
3936,307,113,06240913_proc_01768.png,4.885195732,69,60,163.60714299999998,4
3938,309,116,06240913_proc_01769.png,5.790327072,68,62,169.5547915,4
3941,308,130,06240913_proc_01770.png,6.185564995,68,65,174.9188336,4
3943,309,136,06240913_proc_01771.png,6.321754932,67,62,160.4975986,4
3946,306,137,06240913_proc_01772.png,6.389081001,65,56,15.5522861,4
3949,311,144,06240913_proc_01773.png,5.872090816,62,55,7.239568511,4
3952,312,137,06240913_proc_01774.png,5.818538666,64,56,158.4350335,4
3955,311,136,06240913_proc_01775.png,5.728701591,64,56,139.0891613,4
3958,312,126,06240913_proc_01776.png,5.78514576,62,59,34.60373275,4
3961,310,114,06240913_proc_01777.png,5.629817963,61,58,114.9110771,4
3965,307,114,06240913_proc_01778.png,6.003775597000001,59,56,108.34594709999999,4
3970,311,120,06240913_proc_01780.png,3.882294655,54,44,69.45202042,4
3972,304,114,06240913_proc_01781.png,3.978097439,56,48,85.3745301,4
3975,304,113,06240913_proc_01782.png,5.177334785,59,54,146.09132780000002,4
3978,304,116,06240913_proc_01783.png,5.41382885,60,55,114.99103810000001,4
3981,303,117,06240913_proc_01784.png,5.235179424,63,57,45.28162703,4
3984,302,128,06240913_proc_01785.png,5.360064507,67,62,64.07970098,4
3988,302,130,06240913_proc_01786.png,5.402573586,66,58,74.13363016,4
3992,305,136,06240913_proc_01787.png,5.137029171,60,54,64.88660587,4
3996,301,136,06240913_proc_01788.png,5.490409851,58,54,48.39325631,4
3999,302,135,06240913_proc_01789.png,4.097848892,57,47,171.1092939,4
4002,303,125,06240913_proc_01790.png,2.9206318860000002,56,48,33.82699681,4
4008,307,150,06240913_proc_01793.png,3.858807325,57,47,126.7484301,4
4011,309,127,06240913_proc_01794.png,4.417376041,63,55,88.9165979,4
4014,310,125,06240913_proc_01795.png,5.457932472,64,57,102.47592540000001,4
4017,311,119,06240913_proc_01796.png,6.227193832,64,54,101.94584809999999,4
4020,311,120,06240913_proc_01797.png,6.4026570320000005,61,53,115.6007486,4
4023,310,121,06240913_proc_01798.png,5.852172852000001,64,56,103.117246,4
4025,312,124,06240913_proc_01799.png,5.205768585,62,56,94.8788426,4
4027,308,131,06240913_proc_01800.png,5.126285553,62,53,106.8660295,4
4030,308,135,06240913_proc_01801.png,5.294106007,61,50,106.90720870000001,4
4033,306,135,06240913_proc_01802.png,4.7769546510000005,63,50,111.2995804,4
4044,307,133,06240913_proc_01807.png,5.780462265,59,53,42.54942842,4
4046,309,132,06240913_proc_01808.png,5.2952103610000005,64,57,137.3182572,4
4048,306,124,06240913_proc_01809.png,4.898714066,65,58,157.2236158,4
4051,301,122,06240913_proc_01810.png,5.376419544,67,59,113.2741881,4
4055,299,120,06240913_proc_01811.png,5.747794151,68,60,138.21920690000002,4
4059,303,121,06240913_proc_01812.png,5.32819891,71,59,10.07065289,4
4063,303,124,06240913_proc_01813.png,4.689996243,63,55,64.97343123,4
4065,302,126,06240913_proc_01814.png,4.858919621,62,54,75.85849198,4
4066,308,136,06240913_proc_01815.png,4.240753651,52,45,10.4122742,4
4071,306,115,06240913_proc_01817.png,3.837858677,63,53,149.8644882,4
4074,313,128,06240913_proc_01818.png,3.034400225,59,51,122.8093098,4
4078,307,137,06240913_proc_01819.png,3.542651176,59,53,140.12328269999998,4
4080,308,136,06240913_proc_01820.png,4.63367939,62,52,139.0695108,4
4083,311,138,06240913_proc_01821.png,6.185844897999999,59,54,170.9565034,4
4086,316,137,06240913_proc_01822.png,5.646827221000001,64,56,10.51382716,4
4089,315,132,06240913_proc_01823.png,6.2006330489999995,69,60,34.21378018,4
4092,316,124,06240913_proc_01824.png,6.723736763,64,62,115.84904650000001,4
4095,314,118,06240913_proc_01825.png,6.19350338,66,59,154.9429285,4
4098,313,116,06240913_proc_01826.png,5.4562501910000005,62,55,167.8564718,4
4101,317,115,06240913_proc_01827.png,4.316978455,65,54,176.9718316,4
4108,307,117,06240913_proc_01830.png,4.253769875,56,47,111.8152392,4
4110,307,120,06240913_proc_01831.png,5.053577423,60,51,85.64646042,4
4112,310,122,06240913_proc_01832.png,4.881571293,63,52,152.981877,4
4115,306,132,06240913_proc_01833.png,5.216509342,63,57,105.7890794,4
4118,299,135,06240913_proc_01834.png,6.219807625,63,59,68.18832614,4
4121,302,136,06240913_proc_01835.png,6.055619717000001,62,52,168.0127115,4
4124,303,146,06240913_proc_01836.png,5.123788834,62,50,171.6882122,4
4127,302,135,06240913_proc_01837.png,4.67628479,62,56,110.43646310000001,4
4131,307,125,06240913_proc_01838.png,5.231391907,61,46,141.7924306,4
4134,306,119,06240913_proc_01839.png,5.135054588,66,49,157.3204781,4
4137,309,116,06240913_proc_01840.png,4.792390823,63,49,150.8994804,4
4144,312,109,06240913_proc_01844.png,4.080342293,52,42,153.8316977,4
4146,312,112,06240913_proc_01845.png,6.177159786,62,55,156.1812555,4
4148,311,122,06240913_proc_01846.png,5.737645626,62,55,9.828386084,4
4150,311,131,06240913_proc_01847.png,5.194123745,62,55,141.71609990000002,4
4151,312,136,06240913_proc_01848.png,5.743252753999999,58,48,162.9550256,4
4152,310,140,06240913_proc_01849.png,5.984566688999999,54,47,162.1010112,4
4153,308,138,06240913_proc_01850.png,5.724918365,60,49,161.3593687,4
4156,306,136,06240913_proc_01851.png,4.869749546,59,50,150.653317,4
4161,314,127,06240913_proc_01853.png,4.511748314,56,48,143.5899793,4
4167,305,130,06240913_proc_01855.png,4.3503994939999995,55,43,99.71436382,4
4169,302,130,06240913_proc_01856.png,3.551268578,56,46,125.34969960000001,4
4170,305,121,06240913_proc_01857.png,4.331400394,60,50,175.8869216,4
4172,299,117,06240913_proc_01858.png,4.646137714,66,53,167.7363194,4
4174,301,112,06240913_proc_01859.png,5.403666972999999,62,54,151.65689890000002,4
4176,301,113,06240913_proc_01860.png,5.579564095,63,56,140.4205291,4
4179,298,117,06240913_proc_01861.png,5.298941612,65,57,129.20784469999998,4
4182,304,128,06240913_proc_01862.png,4.953483582,66,56,123.55272120000001,4
4184,304,133,06240913_proc_01863.png,5.694790362999999,59,54,173.9679722,4
4187,298,139,06240913_proc_01864.png,4.469202042,57,50,4.382593869,4
4189,295,136,06240913_proc_01865.png,3.798715353,56,43,4.070104177,4
4196,315,134,06240913_proc_01870.png,4.876375675,63,56,150.5860055,4
4200,312,127,06240913_proc_01871.png,4.987981796000001,63,57,132.5913769,4
4204,312,125,06240913_proc_01872.png,6.114046097,64,56,147.4780372,4
4206,316,122,06240913_proc_01873.png,6.278924942000001,62,55,166.4192267,4
4208,316,119,06240913_proc_01874.png,6.101387024,63,55,144.8992071,4
4209,318,119,06240913_proc_01875.png,5.592930794,69,55,152.4416142,4
4212,318,126,06240913_proc_01876.png,4.797948837,67,57,142.3216371,4
4215,312,132,06240913_proc_01877.png,4.707190514,59,48,156.0659294,4
4217,312,151,06240913_proc_01878.png,3.9579997060000003,54,41,152.62752509999999,4
4224,302,137,06240913_proc_01883.png,4.505150795,56,49,161.5781482,4
4226,309,136,06240913_proc_01884.png,5.202360153,59,49,156.672621,4
4229,306,131,06240913_proc_01885.png,4.916930676000001,64,55,160.39796840000002,4
4233,306,123,06240913_proc_01886.png,4.926698208,65,53,140.3013867,4
4237,308,123,06240913_proc_01887.png,5.750516415,65,53,149.6051869,4
4241,309,118,06240913_proc_01888.png,5.214200974,59,49,145.6970824,4
4245,307,115,06240913_proc_01889.png,4.13239193,60,48,49.60252081,4
4247,303,115,06240913_proc_01890.png,3.484307766,59,48,103.0129422,4
4253,308,116,06240913_proc_01893.png,3.8246705530000003,54,46,125.2383983,4
4256,312,123,06240913_proc_01894.png,3.893309593,60,50,162.2730397,4
4258,311,130,06240913_proc_01895.png,3.557010651,60,50,95.46608178,4
4260,311,136,06240913_proc_01896.png,4.582640648,57,48,140.99228080000003,4
4262,314,144,06240913_proc_01897.png,5.0227332119999994,52,44,160.4483957,4
4264,313,144,06240913_proc_01898.png,5.279437065,56,43,151.8829747,4
4265,312,134,06240913_proc_01899.png,5.462594032,63,47,94.12540443,4
4266,314,131,06240913_proc_01900.png,4.742247581,67,54,93.93967793,4
4268,317,116,06240913_proc_01901.png,5.504045962999999,62,56,37.39679518,4
4271,314,112,06240913_proc_01902.png,5.54032135,60,51,170.51607230000002,4
4280,307,112,06240913_proc_01907.png,4.259794235,61,48,139.9909853,4
4282,305,122,06240913_proc_01908.png,4.524728775,64,51,146.65762560000002,4
4284,303,126,06240913_proc_01909.png,4.386631966,66,54,120.5933642,4
4287,300,131,06240913_proc_01910.png,4.776205063,69,56,157.565115,4
4290,300,137,06240913_proc_01911.png,4.956576824,64,50,167.63243730000002,4
4293,302,138,06240913_proc_01912.png,5.400892258,64,51,165.4160076,4
4296,299,136,06240913_proc_01913.png,4.556783676,68,55,159.24953180000003,4
4299,299,135,06240913_proc_01914.png,4.216332436,62,50,150.00255369999996,4
4301,304,120,06240913_proc_01915.png,3.6591238980000003,60,44,143.8893636,4
4303,303,116,06240913_proc_01916.png,4.018630981,57,43,146.6453996,4
4310,314,114,06240913_proc_01920.png,4.416196346,57,50,144.6874883,4
4314,316,114,06240913_proc_01921.png,5.193069935,61,57,153.8009158,4
4318,318,117,06240913_proc_01922.png,5.529643536,57,51,166.2078041,4
4319,312,120,06240913_proc_01923.png,5.259824276,65,54,127.0683835,4
4321,311,129,06240913_proc_01924.png,5.284420013,71,55,151.362919,4
4323,311,137,06240913_proc_01925.png,5.5451207160000004,57,50,155.45840800000002,4
4326,314,148,06240913_proc_01926.png,4.04677248,54,43,173.0754816,4
4329,310,150,06240913_proc_01927.png,3.8290412430000003,54,41,145.3214528,4
4339,308,135,06240913_proc_01932.png,4.088896751,51,39,173.2919666,4
4341,305,125,06240913_proc_01933.png,3.869877577,54,42,133.9447311,4
4344,303,123,06240913_proc_01934.png,4.456674099,59,48,142.3281394,4
4347,301,117,06240913_proc_01935.png,5.266694069,63,54,133.143123,4
4350,305,118,06240913_proc_01936.png,5.407499313,65,56,5.763672207000001,4
4353,305,119,06240913_proc_01937.png,5.312500954,66,58,129.1640973,4
4357,306,123,06240913_proc_01938.png,5.181128025,67,59,139.7602888,4
4363,305,133,06240913_proc_01940.png,5.313140869,56,43,19.26260537,4
4375,308,130,06240913_proc_01947.png,4.572519302,58,47,137.5692427,4
4377,313,128,06240913_proc_01948.png,5.195315838,64,50,119.51961750000001,4
4379,312,115,06240913_proc_01949.png,6.290382385,66,50,71.6356319,4
4380,313,116,06240913_proc_01950.png,6.10405302,58,47,6.867142201,4
4381,311,117,06240913_proc_01951.png,5.034801483,61,51,150.93444419999997,4
4383,314,121,06240913_proc_01952.png,4.229136467,61,51,151.3205684,4
4386,314,129,06240913_proc_01953.png,3.810467243,59,55,149.6372034,4
4389,309,135,06240913_proc_01954.png,3.549555779,54,49,50.50215918,4
4397,297,135,06240913_proc_01958.png,3.854572773,58,48,147.7463304,4
4399,296,138,06240913_proc_01959.png,5.344011307,58,51,155.06874059999998,4
4400,296,145,06240913_proc_01959.png,4.853457451000001,56,48,162.65424280000002,4
4403,301,138,06240913_proc_01960.png,5.581527232999999,61,53,175.44651819999999,4
4405,302,138,06240913_proc_01961.png,5.2872934339999995,63,55,5.772431497,4
4408,305,131,06240913_proc_01962.png,4.864328383999999,66,57,139.2921818,4
4413,306,125,06240913_proc_01963.png,4.267858505,63,55,151.7323947,4
4416,304,119,06240913_proc_01964.png,4.992971896999999,64,51,151.3555356,4
4419,299,114,06240913_proc_01965.png,4.161658287,58,51,161.0493516,4
4425,310,118,06240913_proc_01970.png,4.377140045,62,54,3.9378128039999996,4
4427,314,124,06240913_proc_01971.png,4.273851395,61,52,174.4683929,4
4430,309,135,06240913_proc_01972.png,4.3238263130000005,61,54,153.8644024,4
4434,310,140,06240913_proc_01973.png,4.988137245,59,50,173.77775400000002,4
4437,311,138,06240913_proc_01974.png,5.794760704,56,48,172.69219019999997,4
4439,308,140,06240913_proc_01975.png,5.689335346,55,47,159.4871592,4
4441,314,137,06240913_proc_01976.png,5.28646183,62,54,158.9777569,4
4444,314,133,06240913_proc_01977.png,4.505725861,61,54,126.94521129999998,4
4448,315,118,06240913_proc_01978.png,4.392650604,57,49,52.58353638,4
4455,300,117,06240913_proc_01982.png,2.748323679,52,39,127.05902959999999,4
4456,299,116,06240913_proc_01983.png,3.784212112,58,47,156.3724513,4
4457,301,119,06240913_proc_01984.png,5.346400738,67,54,140.3528112,4
4459,303,123,06240913_proc_01985.png,5.381827831,66,58,161.4260604,4
4462,306,127,06240913_proc_01986.png,4.920375347,70,62,29.32793071,4
4466,304,132,06240913_proc_01987.png,5.074371815,67,57,1.829636284,4
4469,302,136,06240913_proc_01988.png,5.217630863,63,56,161.5185975,4
4472,304,137,06240913_proc_01989.png,5.688479900000001,62,54,164.0531458,4
4476,302,139,06240913_proc_01990.png,4.16998291,63,52,142.8055731,4
4479,299,134,06240913_proc_01991.png,3.168477297,55,46,136.4670175,4
4485,308,124,06240913_proc_01995.png,3.980839014,58,50,110.35601709999999,4
4487,312,120,06240913_proc_01996.png,4.706580162,62,56,118.64424679999999,4
4490,313,118,06240913_proc_01997.png,5.80371809,60,53,123.8249213,4
4492,314,118,06240913_proc_01998.png,5.841002464,62,53,54.24293426,4
4493,313,119,06240913_proc_01999.png,5.995429992999999,60,54,140.6948944,4
