time,x,y,filename,fringe,rx,ry,angle,cluster,,,Area of ellipse,,
0.017357186,295,116,06240909_proc_00261.png,1.932148933,47,41,130.6987588,4,,,6053.849043,261,.png
0.017822704,300,132,06240909_proc_00268.png,1.231929064,47,41,52.33412861,4,,,6053.849043,268,.png
0.017889207,314,118,06240909_proc_00269.png,1.892359018,55,47,104.388754,4,,,8121.01701,269,.png
0.01822172,285,116,06240909_proc_00274.png,0.921642303,55,47,130.014005,4,,,8121.01701,274,.png
0.018354725,296,125,06240909_proc_00276.png,1.19073391,57,49,174.7043866,4,,,8774.468281,276,.png
0.018421228,295,132,06240909_proc_00277.png,1.127794027,47,41,157.6536291,4,,,6053.849043,277,.png
0.018554233,289,116,06240909_proc_00279.png,1.605752707,52,42,99.90893542,4,,,6861.238355,279,.png
0.018753741,305,125,06240909_proc_00282.png,1.085517406,50,40,163.1513867,4,,,6283.185307,282,.png
0.018820243,296,127,06240909_proc_00283.png,1.184479952,41,33,134.7322792,4,,,4250.57486,283,.png
0.018886746,298,120,06240909_proc_00284.png,1.232729435,37,35,133.0186941,4,,,4068.362486,284,.png
0.018953249,317,108,06240909_proc_00285.png,0.920384884,48,39,32.86977995,4,,,5881.061448,285,.png
0.019418767,306,132,06240909_proc_00292.png,1.425373554,61,37,161.4156939,4,,,7090.574619,292,.png
0.01975128,291,107,06240909_proc_00297.png,0.545438766,52,38,36.3325151,4,,,6207.787083,297,.png
0.019884285,298,115,06240909_proc_00299.png,1.347666025,47,41,165.7364588,4,,,6053.849043,299,.png
0.020017291,298,112,06240909_proc_00301.png,1.334779739,45,41,100.1464211,4,,,5796.238446,301,.png
0.020150296,315,132,06240909_proc_00303.png,1.119718075,47,43,117.4450773,4,,,6349.158753,303,.png
0.020682317,293,107,06240909_proc_00311.png,1.284997702,47,36,10.11713489,4,,,5315.57477,311,.png
0.02074882,285,109,06240909_proc_00312.png,1.029629469,49,37,27.61023888,4,,,5695.707481,312,.png
0.021081333,299,120,06240909_proc_00317.png,1.337032557,46,35,48.08925483,4,,,5057.964172,317,.png
0.021147835,302,133,06240909_proc_00318.png,1.217628479,44,37,30.20124211,4,,,5114.51284,318,.png
0.021214338,309,138,06240909_proc_00319.png,1.023930311,35,31,8.767650875,4,,,3408.628029,319,.png
0.021280841,325,137,06240909_proc_00320.png,1.396677732,42,38,20.75631139,4,,,5013.981875,320,.png
0.021613354,298,111,06240909_proc_00325.png,1.386568069,54,39,134.2289182,4,,,6616.194128,325,.png
0.021679856,297,110,06240909_proc_00326.png,1.40578723,53,36,8.479871954,4,,,5994.158783,326,.png
0.021746359,289,117,06240909_proc_00327.png,1.051174164,47,42,172.8155025,4,,,6201.503898,327,.png
0.021812862,287,125,06240909_proc_00328.png,1.849871874,56,45,148.8091898,4,,,7916.813487,328,.png
0.021879364,286,134,06240909_proc_00329.png,1.543623924,49,41,1.964059743,4,,,6311.459641,329,.png
0.021945867,280,132,06240909_proc_00330.png,1.236128569,47,38,161.1273797,4,,,5610.884479,330,.png
0.022145375,306,138,06240909_proc_00333.png,1.247890234,41,35,173.8022526,4,,,4508.185458,333,.png
0.022211877,300,137,06240909_proc_00334.png,1.103089809,36,31,60.74943735,4,,,3506.017401,334,.png
0.02227838,308,124,06240909_proc_00335.png,1.275475025,49,37,53.31815396,4,,,5695.707481,335,.png
0.022344883,308,117,06240909_proc_00336.png,1.774096251,52,37,174.8255422,4,,,6044.424266,336,.png
0.022810401,291,133,06240909_proc_00343.png,1.547306061,46,37,176.7239516,4,,,5346.990696,343,.png
0.022876904,290,130,06240909_proc_00344.png,2.124506474,63,41,158.3449962,4,,,8114.733824,344,.png
0.022943406,283,127,06240909_proc_00345.png,1.367061138,46,36,143.4780598,4,,,5202.477434,345,.png
0.023342422,303,112,06240909_proc_00351.png,1.517060995,43,33,172.4156811,4,,,4457.919975,351,.png
0.023408925,308,116,06240909_proc_00352.png,1.465675592,45,34,4.556119948,4,,,4806.63676,352,.png
0.023475427,324,127,06240909_proc_00353.png,1.348217487,47,35,10.94991424,4,,,5167.919915,353,.png
0.023874443,292,133,06240909_proc_00359.png,1.298316002,52,33,147.4578574,4,,,5390.972994,359,.png
0.023940946,292,119,06240909_proc_00360.png,1.088040113,46,35,128.513754,4,,,5057.964172,360,.png
0.024007448,293,112,06240909_proc_00361.png,1.341167927,43,35,157.8451271,4,,,4728.096944,361,.png
0.024073951,287,108,06240909_proc_00362.png,1.460721254,45,37,176.0121505,4,,,5230.751768,362,.png
0.024605972,307,137,06240909_proc_00370.png,1.488642931,41,33,164.3322034,4,,,4250.57486,370,.png
0.025004988,286,109,06240909_proc_00376.png,0.88199234,44,31,154.2765872,4,,,4285.132379,376,.png
0.02507149,292,114,06240909_proc_00377.png,1.327221632,49,33,162.641706,4,,,5079.955321,377,.png
0.025137993,289,115,06240909_proc_00378.png,1.625538111,48,38,98.85124647,4,,,5730.265,378,.png
0.025204496,288,122,06240909_proc_00379.png,1.492002487,48,38,114.6329859,4,,,5730.265,379,.png
0.025270998,279,127,06240909_proc_00380.png,0.981768608,41,30,165.3868769,4,,,3864.158964,380,.png
0.025670014,319,120,06240909_proc_00386.png,1.279910564,42,33,168.6929949,4,,,4354.247418,386,.png
0.025736517,322,118,06240909_proc_00387.png,1.97013402,44,33,167.5663595,4,,,4561.592533,387,.png
0.026135532,291,129,06240909_proc_00393.png,1.204575062,39,29,146.6656716,4,,,3553.141291,393,.png
0.026202035,289,128,06240909_proc_00394.png,1.460152864,49,35,153.4281804,4,,,5387.831401,394,.png
0.026268538,286,125,06240909_proc_00395.png,2.037281752,55,41,169.6267706,4,,,7084.291434,395,.png
0.02633504,283,117,06240909_proc_00396.png,1.708993435,44,38,115.0936549,4,,,5252.742917,396,.png
0.026401543,276,104,06240909_proc_00397.png,1.290088892,44,39,112.5758422,4,,,5390.972994,397,.png
0.026734056,314,122,06240909_proc_00402.png,1.036280394,42,34,178.1541482,4,,,4486.194309,402,.png
0.026800559,317,128,06240909_proc_00403.png,1.403598785,48,38,147.6934443,4,,,5730.265,403,.png
0.027199574,289,129,06240909_proc_00409.png,0.903942108,41,33,138.0707562,4,,,4250.57486,409,.png
0.027266077,286,118,06240909_proc_00410.png,1.138762236,41,36,117.5198883,4,,,4636.990757,410,.png
0.02733258,289,116,06240909_proc_00411.png,1.496090412,46,36,45.5730951,4,,,5202.477434,411,.png
0.027399082,285,112,06240909_proc_00412.png,1.621924639,51,38,152.1161659,4,,,6088.406563,412,.png
0.027465585,284,110,06240909_proc_00413.png,1.234561443,44,34,154.7523611,4,,,4699.82261,413,.png
0.027532088,280,122,06240909_proc_00414.png,0.723635674,34,29,141.0623893,4,,,3097.610356,414,.png
0.027864601,308,134,06240909_proc_00419.png,0.869001865,34,25,1.317814671,4,,,2670.353756,419,.png
0.027931103,312,131,06240909_proc_00420.png,1.338601112,40,29,2.134666556,4,,,3644.247478,420,.png
0.028330119,287,102,06240909_proc_00426.png,0.618341446,32,27,138.8210354,4,,,2714.336053,426,.png
0.028396622,283,109,06240909_proc_00427.png,0.998529911,41,32,123.8134398,4,,,4121.769562,427,.png
0.028463124,290,119,06240909_proc_00428.png,1.923161507,51,39,19.20569794,4,,,6248.627788,428,.png
0.028529627,289,127,06240909_proc_00429.png,1.972357035,48,39,160.0705957,4,,,5881.061448,429,.png
0.02859613,284,124,06240909_proc_00430.png,1.437704086,41,35,125.260412,4,,,4508.185458,430,.png
0.028662632,283,112,06240909_proc_00431.png,0.753926754,34,28,131.2506347,4,,,2990.796206,431,.png
0.028995145,313,125,06240909_proc_00436.png,1.347526073,42,32,145.2890367,4,,,4222.300526,436,.png
0.029061648,315,124,06240909_proc_00437.png,1.518878698,43,35,135.1997408,4,,,4728.096944,437,.png
0.029128151,317,126,06240909_proc_00438.png,1.362354755,40,35,125.9759665,4,,,4398.229715,438,.png
0.029460664,286,118,06240909_proc_00443.png,0.853449345,35,26,142.9549527,4,,,2858.849315,443,.png
0.029527166,289,122,06240909_proc_00444.png,1.57181859,44,36,130.2857749,4,,,4976.282763,444,.png
0.029593669,289,121,06240909_proc_00445.png,1.706336975,50,39,130.9383038,4,,,6126.105675,445,.png
0.029660172,290,118,06240909_proc_00446.png,1.569095612,42,35,113.8311081,4,,,4618.141201,446,.png
0.029726674,288,111,06240909_proc_00447.png,1.575441122,42,36,104.4231919,4,,,4750.088092,447,.png
0.030059187,308,120,06240909_proc_00452.png,1.371327877,41,30,156.8012181,4,,,3864.158964,452,.png
0.03012569,317,131,06240909_proc_00453.png,1.324783802,36,29,7.828821737,4,,,3279.82273,453,.png
0.030192193,314,133,06240909_proc_00454.png,1.5143466,43,35,166.1348372,4,,,4728.096944,454,.png
0.030258695,316,134,06240909_proc_00455.png,1.575616598,38,34,151.011318,4,,,4058.937708,455,.png
0.030657711,287,111,06240909_proc_00461.png,1.40780735,45,38,147.1293253,4,,,5372.123438,461,.png
0.030724214,290,111,06240909_proc_00462.png,1.800550938,50,41,95.92804845,4,,,6440.26494,462,.png
0.030790716,288,117,06240909_proc_00463.png,1.573248148,46,36,125.8601128,4,,,5202.477434,463,.png
0.030857219,283,119,06240909_proc_00464.png,1.080875397,38,32,142.3565052,4,,,3820.176667,464,.png
0.031189732,315,136,06240909_proc_00469.png,1.211235046,34,29,147.7099597,4,,,3097.610356,469,.png
0.031256235,314,130,06240909_proc_00470.png,1.100538969,36,31,150.6413403,4,,,3506.017401,470,.png
0.031322737,315,127,06240909_proc_00471.png,1.244444847,44,34,140.9980933,4,,,4699.82261,471,.png
0.03138924,316,123,06240909_proc_00472.png,1.26854682,40,36,138.6095454,4,,,4523.893421,472,.png
0.031455743,318,124,06240909_proc_00473.png,1.064241409,37,32,134.4329633,4,,,3719.645702,473,.png
0.031721753,286,109,06240909_proc_00477.png,0.849433422,39,33,131.0606496,4,,,4043.229745,477,.png
0.031788256,290,115,06240909_proc_00478.png,1.569071293,42,38,114.2441023,4,,,5013.981875,478,.png
0.031854758,292,122,06240909_proc_00479.png,2.052734137,48,39,115.7329879,4,,,5881.061448,479,.png
0.031921261,291,120,06240909_proc_00480.png,2.035587788,46,38,82.67957651,4,,,5491.503958,480,.png
0.031987764,288,115,06240909_proc_00481.png,1.593526363,42,36,114.6800938,4,,,4750.088092,481,.png
0.032320277,318,120,06240909_proc_00486.png,1.462427378,39,32,143.142339,4,,,3920.707632,486,.png
0.032386779,314,124,06240909_proc_00487.png,1.629409552,41,34,138.7754063,4,,,4379.380159,487,.png
0.032453282,312,128,06240909_proc_00488.png,1.692337513,41,36,123.4240814,4,,,4636.990757,488,.png
0.032519785,319,132,06240909_proc_00489.png,1.554026127,38,33,140.086987,4,,,3939.557188,489,.png
0.032586287,328,132,06240909_proc_00490.png,1.272027254,39,32,156.3550616,4,,,3920.707632,490,.png
0.032852298,291,124,06240909_proc_00494.png,1.081078529,35,30,158.2479358,4,,,3298.672286,494,.png
0.0329188,292,116,06240909_proc_00495.png,2.270942926,50,41,100.8467409,4,,,6440.26494,495,.png
0.032985303,292,111,06240909_proc_00496.png,2.591155052,53,40,125.1761445,4,,,6660.176426,496,.png
0.033051806,289,113,06240909_proc_00497.png,1.904575825,47,37,127.2580647,4,,,5463.229625,497,.png
0.033118308,283,110,06240909_proc_00498.png,1.045464277,37,32,125.6424483,4,,,3719.645702,498,.png
0.033184811,279,118,06240909_proc_00499.png,0.733646393,34,29,139.7980598,4,,,3097.610356,499,.png
0.033450821,314,129,06240909_proc_00503.png,1.282773256,36,32,141.2887213,4,,,3619.114737,503,.png
0.033517324,313,133,06240909_proc_00504.png,1.982479334,44,39,138.1012769,4,,,5390.972994,504,.png
0.033583827,313,131,06240909_proc_00505.png,2.007773399,45,40,135.5718837,4,,,5654.866776,505,.png
0.033650329,315,130,06240909_proc_00506.png,1.531007528,44,36,143.7845714,4,,,4976.282763,506,.png
0.033982842,288,107,06240909_proc_00511.png,1.347166538,43,37,133.3712035,4,,,4998.273912,511,.png
0.034049345,287,110,06240909_proc_00512.png,1.875831842,54,45,140.4792346,4,,,7634.070148,512,.png
0.034115848,290,116,06240909_proc_00513.png,2.337618828,54,41,156.7473313,4,,,6955.486135,513,.png
0.03418235,290,121,06240909_proc_00514.png,2.124357462,51,41,136.0919889,4,,,6569.070239,514,.png
0.034248853,288,120,06240909_proc_00515.png,1.397888899,40,32,126.7820893,4,,,4021.238597,515,.png
0.034581366,316,129,06240909_proc_00520.png,1.632517576,40,34,0.664855203,4,,,4272.566009,520,.png
0.034647869,315,127,06240909_proc_00521.png,1.923406363,43,36,164.6747989,4,,,4863.185428,521,.png
0.034714371,312,122,06240909_proc_00522.png,2.187943697,45,35,132.8734569,4,,,4948.008429,522,.png
0.034780874,317,121,06240909_proc_00523.png,2.123427629,44,38,122.8224681,4,,,5252.742917,523,.png
0.035113387,282,120,06240909_proc_00528.png,1.50416255,37,34,110.252772,4,,,3952.123558,528,.png
0.03517989,288,125,06240909_proc_00529.png,2.018889427,45,37,150.1525446,4,,,5230.751768,529,.png
0.035246392,292,121,06240909_proc_00530.png,2.938135624,52,43,121.4419332,4,,,7024.601173,530,.png
0.035312895,291,116,06240909_proc_00531.png,2.380969048,46,40,144.7508075,4,,,5780.530483,531,.png
0.035379397,292,112,06240909_proc_00532.png,1.783079624,42,38,137.027315,4,,,5013.981875,532,.png
0.035711911,318,122,06240909_proc_00537.png,1.024017096,39,33,151.1583617,4,,,4043.229745,537,.png
0.035778413,313,126,06240909_proc_00538.png,2.298017502,52,43,131.9520712,4,,,7024.601173,538,.png
0.035844916,312,133,06240909_proc_00539.png,2.434591293,55,44,140.2971485,4,,,7602.654222,539,.png
0.035911419,312,133,06240909_proc_00540.png,2.199820518,46,38,144.7855595,4,,,5491.503958,540,.png
0.036177429,284,119,06240909_proc_00544.png,0.779575348,40,32,120.5036155,4,,,4021.238597,544,.png
0.036243932,286,118,06240909_proc_00545.png,1.399644852,45,35,130.5292267,4,,,4948.008429,545,.png
0.036310434,289,113,06240909_proc_00546.png,2.372857332,54,43,133.9021585,4,,,7294.778142,546,.png
0.036376937,296,114,06240909_proc_00547.png,2.365126848,53,39,140.5286544,4,,,6493.672015,547,.png
0.03644344,292,113,06240909_proc_00548.png,2.081048012,51,40,151.4552512,4,,,6408.849013,548,.png
0.036509942,283,114,06240909_proc_00549.png,1.070122719,40,35,140.833175,4,,,4398.229715,549,.png
0.036842455,315,134,06240909_proc_00554.png,1.81041503,43,37,161.9651519,4,,,4998.273912,554,.png
0.036908958,313,131,06240909_proc_00555.png,2.101111174,48,41,149.3640061,4,,,6182.654342,555,.png
0.036975461,311,126,06240909_proc_00556.png,2.016173601,50,38,169.4084811,4,,,5969.026042,556,.png
0.037041963,313,123,06240909_proc_00557.png,1.631114483,42,33,150.0176108,4,,,4354.247418,557,.png
0.037108466,316,118,06240909_proc_00558.png,1.103731632,40,32,162.3666099,4,,,4021.238597,558,.png
0.037307974,285,108,06240909_proc_00561.png,0.945872784,37,36,126.8249146,4,,,4184.601415,561,.png
0.037374476,288,110,06240909_proc_00562.png,1.407425404,45,35,103.4819167,4,,,4948.008429,562,.png
0.037440979,291,116,06240909_proc_00563.png,2.457135677,51,41,153.2812903,4,,,6569.070239,563,.png
0.037507482,295,124,06240909_proc_00564.png,3.037377119,61,47,128.5829097,4,,,9006.946138,564,.png
0.037573984,293,125,06240909_proc_00565.png,2.360399723,54,44,120.4833572,4,,,7464.424145,565,.png
0.037640487,288,122,06240909_proc_00566.png,1.420507908,43,35,151.7545774,4,,,4728.096944,566,.png
0.037906497,318,126,06240909_proc_00570.png,0.958539963,36,32,150.4669621,4,,,3619.114737,570,.png
0.037973,313,125,06240909_proc_00571.png,1.710835695,45,37,138.0905466,4,,,5230.751768,571,.png
0.038039503,313,124,06240909_proc_00572.png,3.078735352,52,44,121.7263969,4,,,7187.963991,572,.png
0.038106005,311,123,06240909_proc_00573.png,3.410422802,58,48,129.1865037,4,,,8746.193948,573,.png
0.038172508,314,125,06240909_proc_00574.png,2.170373917,51,43,133.2478503,4,,,6889.512689,574,.png
0.03823901,314,133,06240909_proc_00575.png,1.431661129,42,34,133.6414946,4,,,4486.194309,575,.png
0.038438518,282,122,06240909_proc_00578.png,0.834732533,41,36,131.7076188,4,,,4636.990757,578,.png
0.038505021,290,124,06240909_proc_00579.png,1.922205448,52,44,111.9998456,4,,,7187.963991,579,.png
0.038571524,294,124,06240909_proc_00580.png,2.631060362,63,47,124.5415414,4,,,9302.255847,580,.png
0.038638026,294,119,06240909_proc_00581.png,2.761749983,57,43,132.975838,4,,,7700.043594,581,.png
0.038704529,292,115,06240909_proc_00582.png,2.33945322,52,41,135.5864627,4,,,6697.875537,582,.png
0.038771031,293,110,06240909_proc_00583.png,1.529281616,48,37,149.3831511,4,,,5579.468553,583,.png
0.039037042,319,119,06240909_proc_00587.png,1.418310404,44,38,135.2836975,4,,,5252.742917,587,.png
0.039103545,316,123,06240909_proc_00588.png,2.170945644,50,40,143.4446568,4,,,6283.185307,588,.png
0.039170047,312,129,06240909_proc_00589.png,2.517200947,54,45,123.8058583,4,,,7634.070148,589,.png
0.03923655,311,133,06240909_proc_00590.png,2.43908906,49,38,135.1573902,4,,,5849.645521,590,.png
0.039303052,310,131,06240909_proc_00591.png,2.305253983,50,38,147.5744897,4,,,5969.026042,591,.png
0.039369555,307,126,06240909_proc_00592.png,1.595355511,48,39,178.6941709,4,,,5881.061448,592,.png
0.039569063,290,120,06240909_proc_00595.png,1.216023445,39,37,157.5849823,4,,,4533.318199,595,.png
0.039635566,292,114,06240909_proc_00596.png,1.842684269,45,43,101.8170102,4,,,6078.981785,596,.png
0.039702068,294,115,06240909_proc_00597.png,2.630292416,54,45,145.2959044,4,,,7634.070148,597,.png
0.039768571,294,112,06240909_proc_00598.png,2.840906382,57,46,146.2180141,4,,,8237.255938,598,.png
0.039835073,289,116,06240909_proc_00599.png,2.11130023,47,40,100.3806898,4,,,5906.194189,599,.png
0.039901576,291,119,06240909_proc_00600.png,1.549568653,48,38,131.3009732,4,,,5730.265,600,.png
0.039968079,284,129,06240909_proc_00601.png,0.773916721,37,31,152.0997718,4,,,3603.406774,601,.png
0.040167587,317,133,06240909_proc_00604.png,1.725207567,47,40,150.9943654,4,,,5906.194189,604,.png
0.040234089,313,132,06240909_proc_00605.png,2.660775423,57,46,147.4052274,4,,,8237.255938,605,.png
0.040300592,310,129,06240909_proc_00606.png,2.838894129,54,44,134.1697756,4,,,7464.424145,606,.png
0.040367095,312,128,06240909_proc_00607.png,2.583818197,51,45,135.1674545,4,,,7209.95514,607,.png
0.040433597,311,124,06240909_proc_00608.png,2.30182457,52,46,115.6971567,4,,,7514.689627,608,.png
0.0405001,311,122,06240909_proc_00609.png,1.201981068,44,37,149.0069853,4,,,5114.51284,609,.png
0.040699608,285,108,06240909_proc_00612.png,1.348237514,42,39,97.03736679,4,,,5145.928767,612,.png
0.04076611,291,113,06240909_proc_00613.png,2.460118294,56,50,97.47188977,4,,,8796.45943,613,.png
0.040832613,293,119,06240909_proc_00614.png,2.801572323,61,50,134.9639456,4,,,9581.857593,614,.png
0.040899116,294,124,06240909_proc_00615.png,2.7043221,58,49,132.9466629,4,,,8928.406322,615,.png
0.040965618,294,123,06240909_proc_00616.png,2.836660385,62,48,150.8344092,4,,,9349.379737,616,.png
0.041032121,290,119,06240909_proc_00617.png,1.697232485,48,42,86.78942427,4,,,6333.45079,617,.png
0.041298131,316,130,06240909_proc_00621.png,1.888239384,50,44,38.91691525,4,,,6911.503838,621,.png
0.041364634,313,124,06240909_proc_00622.png,3.162563086,62,52,167.6746385,4,,,10128.49472,622,.png
0.041431137,311,125,06240909_proc_00623.png,3.176928759,60,50,162.3342007,4,,,9424.777961,623,.png
0.041497639,309,125,06240909_proc_00624.png,3.164699554,61,50,103.4081779,4,,,9581.857593,624,.png
0.041564142,308,129,06240909_proc_00625.png,2.068165779,54,44,111.966685,4,,,7464.424145,625,.png
0.041630644,314,130,06240909_proc_00626.png,1.650469542,47,37,7.825670459,4,,,5463.229625,626,.png
0.041830152,286,122,06240909_proc_00629.png,1.46043992,47,43,71.34909864,4,,,6349.158753,629,.png
0.041896655,294,122,06240909_proc_00630.png,2.653376579,54,50,91.5687007,4,,,8482.300165,630,.png
0.041963158,297,120,06240909_proc_00631.png,3.241743565,59,49,135.0915677,4,,,9082.344362,631,.png
0.04202966,298,116,06240909_proc_00632.png,3.475762367,59,49,121.6118137,4,,,9082.344362,632,.png
0.042096163,294,114,06240909_proc_00633.png,2.756546736,58,48,135.6209995,4,,,8746.193948,633,.png
0.042162665,295,112,06240909_proc_00634.png,1.703700066,47,42,129.7962211,4,,,6201.503898,634,.png
0.042428676,315,127,06240909_proc_00638.png,1.941796303,51,46,134.0136101,4,,,7370.176365,638,.png
0.042495179,309,128,06240909_proc_00639.png,2.798094988,57,51,128.1607357,4,,,9132.609844,639,.png
0.042561681,306,130,06240909_proc_00640.png,3.541646957,64,53,140.6402426,4,,,10656.28228,640,.png
0.042628184,308,131,06240909_proc_00641.png,2.998376846,60,48,131.4141392,4,,,9047.786842,641,.png
0.042694686,308,129,06240909_proc_00642.png,2.141251802,51,44,121.1930002,4,,,7049.733915,642,.png
0.042960697,284,112,06240909_proc_00646.png,1.732694864,51,46,115.0074852,4,,,7370.176365,646,.png
0.0430272,287,115,06240909_proc_00647.png,2.585558176,58,50,132.9729694,4,,,9110.618695,647,.png
0.043093702,292,117,06240909_proc_00648.png,3.268484592,60,50,141.7296885,4,,,9424.777961,648,.png
0.043160205,298,119,06240909_proc_00649.png,2.675198078,55,45,131.7138411,4,,,7775.441818,649,.png
0.043226707,296,121,06240909_proc_00650.png,2.720971584,54,50,96.20931564,4,,,8482.300165,650,.png
0.04329321,292,121,06240909_proc_00651.png,1.70860815,47,42,65.63741441,4,,,6201.503898,651,.png
0.043559221,314,132,06240909_proc_00655.png,2.00789237,56,51,154.0305365,4,,,8972.388619,655,.png
0.043625723,308,129,06240909_proc_00656.png,2.638604641,58,52,133.5734147,4,,,9475.043443,656,.png
0.043692226,307,126,06240909_proc_00657.png,3.205416918,62,48,148.6723982,4,,,9349.379737,657,.png
0.043758728,306,125,06240909_proc_00658.png,2.935049295,52,44,128.4040919,4,,,7187.963991,658,.png
0.043825231,309,123,06240909_proc_00659.png,2.174627542,51,44,145.8968552,4,,,7049.733915,659,.png
0.043891734,306,128,06240909_proc_00660.png,1.037004232,45,38,58.44915258,4,,,5372.123438,660,.png
0.044091242,289,116,06240909_proc_00663.png,1.827185392,46,42,107.1749521,4,,,6069.557007,663,.png
0.044157744,297,120,06240909_proc_00664.png,3.562107086,60,54,121.0040088,4,,,10178.7602,664,.png
0.044224247,299,120,06240909_proc_00665.png,3.238865376,60,53,142.6448075,4,,,9990.264638,665,.png
0.044290749,300,121,06240909_proc_00666.png,3.250208139,60,52,143.045562,4,,,9801.769079,666,.png
0.044357252,295,118,06240909_proc_00667.png,3.039286375,57,48,148.6291017,4,,,8595.3975,667,.png
0.044423755,294,115,06240909_proc_00668.png,1.931874752,48,41,93.55971451,4,,,6182.654342,668,.png
0.044689765,311,125,06240909_proc_00672.png,2.304893017,54,48,134.7744488,4,,,8143.008158,672,.png
0.044756268,307,125,06240909_proc_00673.png,2.986923456,59,51,133.3887366,4,,,9453.052295,673,.png
0.04482277,302,126,06240909_proc_00674.png,3.422721624,60,51,137.0843812,4,,,9613.27352,674,.png
0.044889273,305,128,06240909_proc_00675.png,3.378404617,60,54,128.1153013,4,,,10178.7602,675,.png
0.044955776,309,133,06240909_proc_00676.png,2.516232252,55,51,139.135528,4,,,8812.167393,676,.png
0.045022278,315,136,06240909_proc_00677.png,1.193912029,48,42,166.0158741,4,,,6333.45079,677,.png
0.045221786,294,122,06240909_proc_00680.png,2.409738064,56,51,115.1795718,4,,,8972.388619,680,.png
0.045288289,295,117,06240909_proc_00681.png,3.564926147,59,55,115.9311317,4,,,10194.46816,681,.png
0.045354792,295,117,06240909_proc_00682.png,4.018020153,62,54,138.9282113,4,,,10518.0522,682,.png
0.045421294,298,117,06240909_proc_00683.png,3.810687065,58,50,134.8934785,4,,,9110.618695,683,.png
0.045487797,297,116,06240909_proc_00684.png,3.539776325,59,52,137.0648264,4,,,9638.406261,684,.png
0.045554299,297,118,06240909_proc_00685.png,2.545282364,50,46,123.8220219,4,,,7225.663103,685,.png
0.045620802,295,121,06240909_proc_00686.png,1.57352972,47,38,108.7148456,4,,,5610.884479,686,.png
0.045753807,313,129,06240909_proc_00688.png,1.948452473,60,51,92.88304083,4,,,9613.27352,688,.png
0.04582031,310,131,06240909_proc_00689.png,2.525549173,60,53,132.2246504,4,,,9990.264638,689,.png
0.045886813,309,129,06240909_proc_00690.png,3.425814152,65,55,119.1610052,4,,,11231.19374,690,.png
0.045953315,305,128,06240909_proc_00691.png,4.145715714,68,57,134.9379123,4,,,12176.81313,691,.png
0.046019818,303,128,06240909_proc_00692.png,3.785766602,65,56,122.0910403,4,,,11435.39726,692,.png
0.04608632,308,125,06240909_proc_00693.png,2.672228336,58,51,117.5116648,4,,,9292.831069,693,.png
0.046152823,310,130,06240909_proc_00694.png,1.47839427,51,43,97.86370357,4,,,6889.512689,694,.png
0.046352331,297,113,06240909_proc_00697.png,2.452670574,51,48,115.2302382,4,,,7690.618816,697,.png
0.046418834,299,116,06240909_proc_00698.png,3.155064583,56,51,111.4949443,4,,,8972.388619,698,.png
0.046485336,300,119,06240909_proc_00699.png,4.247918606,64,57,136.198072,4,,,11460.53,699,.png
0.046551839,303,121,06240909_proc_00700.png,4.483511925,65,59,142.7925821,4,,,12048.00783,700,.png
0.046618341,300,123,06240909_proc_00701.png,3.202549219,64,59,115.502189,4,,,11862.65386,701,.png
0.046684844,299,122,06240909_proc_00702.png,2.350954771,59,52,80.36905328,4,,,9638.406261,702,.png
0.046751347,296,112,06240909_proc_00703.png,1.606645346,45,39,130.8518883,4,,,5513.495107,703,.png
0.046884352,316,137,06240909_proc_00705.png,1.291908264,55,49,96.4272055,4,,,8466.592201,705,.png
0.046950855,306,127,06240909_proc_00706.png,2.339927673,59,51,121.8826512,4,,,9453.052295,706,.png
0.047017357,307,124,06240909_proc_00707.png,4.129223347,66,57,141.9533943,4,,,11818.67156,707,.png
0.04708386,306,126,06240909_proc_00708.png,4.082858086,63,57,135.5531963,4,,,11281.45922,708,.png
0.047150362,306,125,06240909_proc_00709.png,3.894133568,63,56,140.6803973,4,,,11083.53888,709,.png
0.047216865,306,126,06240909_proc_00710.png,2.269335032,58,50,113.9524874,4,,,9110.618695,710,.png
0.047283368,308,136,06240909_proc_00711.png,1.469341516,54,50,112.7387354,4,,,8482.300165,711,.png
0.047416373,287,121,06240909_proc_00713.png,1.90581584,65,53,106.0698753,4,,,10822.78669,713,.png
0.047482876,299,121,06240909_proc_00714.png,2.907359123,62,60,112.3970689,4,,,11686.72467,714,.png
0.047549378,297,123,06240909_proc_00715.png,3.286705971,65,59,126.742481,4,,,12048.00783,715,.png
0.047615881,299,120,06240909_proc_00716.png,3.524595737,64,58,124.20246,4,,,11661.59193,716,.png
0.047682383,299,120,06240909_proc_00717.png,3.659938335,60,55,126.5037796,4,,,10367.25576,717,.png
0.047748886,301,114,06240909_proc_00718.png,3.755805016,65,57,139.9818021,4,,,11639.60078,718,.png
0.047815389,301,111,06240909_proc_00719.png,2.76031208,57,53,121.2861708,4,,,9490.751406,719,.png
0.047881891,288,116,06240909_proc_00720.png,2.129295826,47,41,113.6012517,4,,,6053.849043,720,.png
0.048014897,311,125,06240909_proc_00722.png,2.837166309,63,57,79.49858666,4,,,11281.45922,722,.png
0.048081399,307,123,06240909_proc_00723.png,3.131043434,62,56,156.4697217,4,,,10907.60969,723,.png
0.048147902,304,128,06240909_proc_00724.png,3.677232742,65,60,137.4261912,4,,,12252.21135,724,.png
0.048214404,301,129,06240909_proc_00725.png,4.169157982,70,63,144.3776026,4,,,13854.4236,725,.png
0.048280907,304,132,06240909_proc_00726.png,3.963507891,64,58,148.0727076,4,,,11661.59193,726,.png
0.04834741,303,130,06240909_proc_00727.png,2.911768675,63,56,176.5001259,4,,,11083.53888,727,.png
0.048413912,305,133,06240909_proc_00728.png,1.846167803,62,51,81.80741599,4,,,9933.715971,728,.png
0.048546918,298,117,06240909_proc_00730.png,2.085513115,53,48,84.40242342,4,,,7992.211711,730,.png
0.04861342,305,115,06240909_proc_00731.png,2.423884392,57,55,102.5307513,4,,,9848.892969,731,.png
0.048679923,304,117,06240909_proc_00732.png,3.12583518,58,54,142.3001937,4,,,9839.468191,732,.png
0.048746425,307,114,06240909_proc_00733.png,3.425575256,58,54,131.5082626,4,,,9839.468191,733,.png
0.048812928,304,114,06240909_proc_00734.png,4.176486015,61,58,133.8211354,4,,,11114.95481,734,.png
0.048879431,306,116,06240909_proc_00735.png,3.085262299,65,61,162.9897998,4,,,12456.41487,735,.png
0.048945933,301,117,06240909_proc_00736.png,2.465406895,64,58,141.0416801,4,,,11661.59193,736,.png
0.049012436,300,120,06240909_proc_00737.png,2.05824852,54,44,122.2905296,4,,,7464.424145,737,.png
0.049145441,306,129,06240909_proc_00739.png,2.289990425,51,46,102.1344091,4,,,7370.176365,739,.png
0.049211944,309,125,06240909_proc_00740.png,3.24372673,63,55,105.5163841,4,,,10885.61854,740,.png
0.049278446,305,126,06240909_proc_00741.png,3.392751932,63,54,108.6600538,4,,,10687.69821,741,.png
0.049344949,304,124,06240909_proc_00742.png,3.616267681,64,58,116.6123884,4,,,11661.59193,742,.png
0.049411452,303,120,06240909_proc_00743.png,3.379674911,64,57,121.0270266,4,,,11460.53,743,.png
0.049477954,304,118,06240909_proc_00744.png,2.904925346,64,55,118.5218361,4,,,11058.40614,744,.png
0.049544457,308,121,06240909_proc_00745.png,1.953095913,50,45,126.3260205,4,,,7068.583471,745,.png
0.049677462,302,111,06240909_proc_00747.png,1.989095449,49,45,121.0824194,4,,,6927.211801,747,.png
0.049743965,302,111,06240909_proc_00748.png,2.911786795,62,57,133.2772577,4,,,11102.38844,748,.png
0.049810468,301,118,06240909_proc_00749.png,3.500523567,64,59,140.0168137,4,,,11862.65386,749,.png
0.04987697,300,121,06240909_proc_00750.png,4.018998623,69,58,150.0565156,4,,,12572.6538,750,.png
0.049943473,304,123,06240909_proc_00751.png,3.683896542,67,57,153.082706,4,,,11997.74234,751,.png
0.050009975,303,120,06240909_proc_00752.png,3.062796593,62,56,132.4280261,4,,,10907.60969,752,.png
0.050076478,301,118,06240909_proc_00753.png,2.380569935,54,51,117.7434951,4,,,8651.946168,753,.png
0.050275986,308,122,06240909_proc_00756.png,2.033303261,57,51,140.0344117,4,,,9132.609844,756,.png
0.050342489,306,119,06240909_proc_00757.png,3.481956005,64,56,127.7528538,4,,,11259.46807,757,.png
0.050408991,301,120,06240909_proc_00758.png,3.829354286,65,55,126.9496782,4,,,11231.19374,758,.png
0.050475494,301,123,06240909_proc_00759.png,3.92305398,65,56,123.44254,4,,,11435.39726,759,.png
0.050541996,302,123,06240909_proc_00760.png,3.605942726,63,56,127.3627749,4,,,11083.53888,760,.png
0.050608499,305,126,06240909_proc_00761.png,3.091822386,60,54,121.9582887,4,,,10178.7602,761,.png
0.050675002,306,128,06240909_proc_00762.png,2.406315804,58,50,126.9451567,4,,,9110.618695,762,.png
0.050808007,299,129,06240909_proc_00764.png,2.222299576,53,46,111.5307755,4,,,7659.202889,764,.png
0.05087451,301,122,06240909_proc_00765.png,2.752430677,60,56,119.6163876,4,,,10555.75132,765,.png
0.050941012,302,122,06240909_proc_00766.png,3.419487476,65,58,139.714991,4,,,11843.8043,766,.png
0.051007515,303,116,06240909_proc_00767.png,4.101405144,66,58,138.6688383,4,,,12026.01668,767,.png
0.051074017,302,116,06240909_proc_00768.png,3.985049486,68,60,141.2243911,4,,,12817.69803,768,.png
0.05114052,304,117,06240909_proc_00769.png,3.380966902,66,58,153.9395993,4,,,12026.01668,769,.png
0.051207023,303,117,06240909_proc_00770.png,2.592773199,62,58,153.7826723,4,,,11297.16718,770,.png
0.051273525,305,115,06240909_proc_00771.png,2.042729855,52,48,164.8860396,4,,,7841.415263,771,.png
0.051406531,304,122,06240909_proc_00773.png,2.664643288,55,53,111.6011401,4,,,9157.742585,773,.png
0.051473033,304,124,06240909_proc_00774.png,2.981903315,63,56,138.1227988,4,,,11083.53888,774,.png
0.051539536,303,127,06240909_proc_00775.png,3.32794404,65,57,140.9704515,4,,,11639.60078,775,.png
0.051606038,303,128,06240909_proc_00776.png,3.570349216,65,56,129.5370564,4,,,11435.39726,776,.png
0.051672541,303,126,06240909_proc_00777.png,3.728602409,63,56,135.410558,4,,,11083.53888,777,.png
0.051739044,304,121,06240909_proc_00778.png,3.097789764,60,53,128.4104952,4,,,9990.264638,778,.png
0.051805546,307,117,06240909_proc_00779.png,1.894941807,53,47,147.0942796,4,,,7825.7073,779,.png
0.051938552,305,114,06240909_proc_00781.png,2.436601162,58,51,121.0649478,4,,,9292.831069,781,.png
0.052005054,304,117,06240909_proc_00782.png,3.14193964,63,57,140.8463538,4,,,11281.45922,782,.png
0.052071557,302,120,06240909_proc_00783.png,3.812762737,67,57,140.6311072,4,,,11997.74234,783,.png
0.052138059,302,121,06240909_proc_00784.png,4.395954609,68,58,147.9152752,4,,,12390.44143,784,.png
0.052204562,303,124,06240909_proc_00785.png,3.945004463,64,56,150.2018825,4,,,11259.46807,785,.png
0.052271065,301,122,06240909_proc_00786.png,3.616390228,65,56,156.3182691,4,,,11435.39726,786,.png
0.052337567,300,123,06240909_proc_00787.png,2.893498659,63,58,178.6586735,4,,,11479.37956,787,.png
0.052537075,303,127,06240909_proc_00790.png,2.446595669,66,57,109.2162976,4,,,11818.67156,790,.png
0.052603578,304,127,06240909_proc_00791.png,3.243954182,65,54,115.6576714,4,,,11026.99021,791,.png
0.05267008,303,122,06240909_proc_00792.png,3.768259525,68,58,145.4657371,4,,,12390.44143,792,.png
0.052736583,301,118,06240909_proc_00793.png,3.617648602,67,58,154.8281369,4,,,12208.22905,793,.png
0.052803086,304,120,06240909_proc_00794.png,3.566282272,68,57,140.6108523,4,,,12176.81313,794,.png
0.052869588,303,125,06240909_proc_00795.png,2.560070276,62,56,124.9712593,4,,,10907.60969,795,.png
0.052936091,303,129,06240909_proc_00796.png,1.85248661,57,49,178.3971338,4,,,8774.468281,796,.png
0.053069096,304,111,06240909_proc_00798.png,2.393362999,59,50,101.2713942,4,,,9267.698328,798,.png
0.053135599,302,119,06240909_proc_00799.png,2.73614502,61,56,116.1971949,4,,,10731.6805,799,.png
0.053202101,300,121,06240909_proc_00800.png,3.398995876,66,57,147.4735463,4,,,11818.67156,800,.png
0.053268604,299,123,06240909_proc_00801.png,4.053461075,69,60,166.687455,4,,,13006.19359,801,.png
0.053335107,300,123,06240909_proc_00802.png,3.869149208,70,59,173.0932542,4,,,12974.77766,802,.png
0.053401609,301,119,06240909_proc_00803.png,3.131289482,70,56,163.5129974,4,,,12315.0432,803,.png
0.053468112,302,115,06240909_proc_00804.png,2.593267202,63,54,150.2742996,4,,,10687.69821,804,.png
0.05366762,300,116,06240909_proc_00807.png,2.408491135,58,52,172.3251008,4,,,9475.043443,807,.png
0.053734122,298,118,06240909_proc_00808.png,3.481672764,60,56,132.8507226,4,,,10555.75132,808,.png
0.053800625,301,119,06240909_proc_00809.png,3.831886292,64,57,160.7943362,4,,,11460.53,809,.png
0.053867128,302,123,06240909_proc_00810.png,3.871654987,69,59,0.904762716,4,,,12789.42369,810,.png
0.05393363,304,123,06240909_proc_00811.png,3.327340603,65,57,179.8767557,4,,,11639.60078,811,.png
0.054000133,302,125,06240909_proc_00812.png,2.420424938,61,55,112.5364116,4,,,10540.04335,812,.png
0.054066636,306,127,06240909_proc_00813.png,1.329455137,59,51,131.7015501,4,,,9453.052295,813,.png
0.054199641,300,124,06240909_proc_00815.png,2.50574398,60,54,101.5745385,4,,,10178.7602,815,.png
0.054266144,304,122,06240909_proc_00816.png,3.137096882,64,56,73.20971047,4,,,11259.46807,816,.png
0.054332646,305,119,06240909_proc_00817.png,3.891881943,65,58,41.6312051,4,,,11843.8043,817,.png
0.054399149,303,118,06240909_proc_00818.png,4.607316494,66,59,152.3137343,4,,,12233.36179,818,.png
0.054465651,304,118,06240909_proc_00819.png,4.103708744,66,60,151.8139096,4,,,12440.70691,819,.png
0.054532154,303,118,06240909_proc_00820.png,3.597347975,63,56,114.3517871,4,,,11083.53888,820,.png
0.054598657,303,121,06240909_proc_00821.png,3.219305992,63,58,120.6944851,4,,,11479.37956,821,.png
0.054731662,293,117,06240909_proc_00823.png,1.711508036,57,51,179.0188362,4,,,9132.609844,823,.png
0.054798165,301,119,06240909_proc_00824.png,3.735400677,61,57,71.64205911,4,,,10923.31766,824,.png
0.054864667,301,124,06240909_proc_00825.png,3.576767206,69,60,165.5673083,4,,,13006.19359,825,.png
0.05493117,298,124,06240909_proc_00826.png,3.764134407,68,59,147.5256299,4,,,12604.06973,826,.png
0.054997672,299,123,06240909_proc_00827.png,3.765827179,65,58,149.7608094,4,,,11843.8043,827,.png
0.055064175,300,119,06240909_proc_00828.png,3.380920887,64,58,128.8218638,4,,,11661.59193,828,.png
0.055130678,301,116,06240909_proc_00829.png,2.926601887,63,58,93.74110384,4,,,11479.37956,829,.png
0.05519718,298,113,06240909_proc_00830.png,1.546300888,66,55,51.58426263,4,,,11403.98133,830,.png
0.055330186,306,118,06240909_proc_00832.png,1.894284487,61,55,163.6232793,4,,,10540.04335,832,.png
0.055396688,305,116,06240909_proc_00833.png,2.673997641,62,56,8.084004435,4,,,10907.60969,833,.png
0.055463191,303,117,06240909_proc_00834.png,3.549667835,65,58,171.7115731,4,,,11843.8043,834,.png
0.055529693,302,124,06240909_proc_00835.png,3.46566987,68,57,147.219354,4,,,12176.81313,835,.png
0.055596196,303,126,06240909_proc_00836.png,3.516245842,71,60,152.4117646,4,,,13383.1847,836,.png
0.055662699,303,123,06240909_proc_00837.png,3.269847631,67,58,139.576123,4,,,12208.22905,837,.png
0.055729201,301,122,06240909_proc_00838.png,2.353114128,62,52,147.1733903,4,,,10128.49472,838,.png
0.055862207,305,129,06240909_proc_00840.png,1.71983099,63,53,0.21972852,4,,,10489.77787,840,.png
0.055928709,299,123,06240909_proc_00841.png,2.334811449,65,57,178.7387598,4,,,11639.60078,841,.png
0.055995212,298,118,06240909_proc_00842.png,3.33556962,65,58,0.316480737,4,,,11843.8043,842,.png
0.056061714,302,119,06240909_proc_00843.png,4.190033913,68,57,166.8978052,4,,,12176.81313,843,.png
0.056128217,300,119,06240909_proc_00844.png,3.672067642,67,57,1.003549129,4,,,11997.74234,844,.png
0.05619472,300,118,06240909_proc_00845.png,2.837803841,63,57,130.6647069,4,,,11281.45922,845,.png
0.056261222,299,121,06240909_proc_00846.png,2.148398876,59,54,133.224293,4,,,10009.11419,846,.png
0.056327725,301,121,06240909_proc_00847.png,1.473426819,56,46,123.0321618,4,,,8092.742676,847,.png
0.05646073,307,124,06240909_proc_00849.png,2.053305626,59,53,108.0508556,4,,,9823.760228,849,.png
0.056527233,305,125,06240909_proc_00850.png,2.983402491,64,56,136.7262198,4,,,11259.46807,850,.png
0.056593735,303,124,06240909_proc_00851.png,3.28804493,66,58,129.2534771,4,,,12026.01668,851,.png
0.056660238,304,122,06240909_proc_00852.png,3.697582245,69,59,133.410303,4,,,12789.42369,852,.png
0.056726741,304,123,06240909_proc_00853.png,3.475399971,68,60,143.4101985,4,,,12817.69803,853,.png
0.056793243,308,120,06240909_proc_00854.png,3.053060532,62,57,139.1319729,4,,,11102.38844,854,.png
0.056859746,307,116,06240909_proc_00855.png,2.117511034,60,53,136.0667377,4,,,9990.264638,855,.png
0.056992751,300,119,06240909_proc_00857.png,2.643981218,56,50,98.48564011,4,,,8796.45943,857,.png
0.057059254,300,119,06240909_proc_00858.png,2.518012285,58,55,124.5623939,4,,,10021.68056,858,.png
0.057125756,301,120,06240909_proc_00859.png,3.328405857,63,56,149.3103789,4,,,11083.53888,859,.png
0.057192259,301,124,06240909_proc_00860.png,3.570806503,62,57,133.8168802,4,,,11102.38844,860,.png
0.057258762,298,124,06240909_proc_00861.png,3.295980215,65,58,126.2101566,4,,,11843.8043,861,.png
0.057325264,299,123,06240909_proc_00862.png,3.133126497,65,57,140.5503881,4,,,11639.60078,862,.png
0.057391767,298,118,06240909_proc_00863.png,2.574937582,57,52,105.4163628,4,,,9311.680625,863,.png
0.057591275,307,128,06240909_proc_00866.png,1.578547955,52,46,113.1402071,4,,,7514.689627,866,.png
0.057657777,305,119,06240909_proc_00867.png,2.337894917,60,54,108.1118355,4,,,10178.7602,867,.png
0.05772428,304,121,06240909_proc_00868.png,2.943350792,62,55,113.9499534,4,,,10712.83095,868,.png
0.057790783,307,124,06240909_proc_00869.png,3.165090561,60,53,129.9962739,4,,,9990.264638,869,.png
0.057857285,304,123,06240909_proc_00870.png,2.79229641,64,54,132.5244103,4,,,10857.34421,870,.png
0.057923788,306,122,06240909_proc_00871.png,2.62407589,64,58,121.8050739,4,,,11661.59193,871,.png
0.057990291,306,125,06240909_proc_00872.png,1.764209032,55,50,119.9670222,4,,,8639.379797,872,.png
0.058189798,298,123,06240909_proc_00875.png,2.524165154,63,55,159.3772939,4,,,10885.61854,875,.png
0.058256301,298,126,06240909_proc_00876.png,3.194424391,65,57,149.0435336,4,,,11639.60078,876,.png
0.058322804,300,121,06240909_proc_00877.png,3.534035206,65,57,145.4888675,4,,,11639.60078,877,.png
0.058389306,301,119,06240909_proc_00878.png,3.694513798,66,59,154.8080886,4,,,12233.36179,878,.png
0.058455809,298,118,06240909_proc_00879.png,3.365883827,64,57,162.4902568,4,,,11460.53,879,.png
0.058522312,299,118,06240909_proc_00880.png,2.038747072,54,51,112.7681394,4,,,8651.946168,880,.png
0.05872182,308,120,06240909_proc_00883.png,1.989188433,57,50,169.4214577,4,,,8953.539063,883,.png
0.058788322,305,121,06240909_proc_00884.png,2.945807934,61,55,159.1440054,4,,,10540.04335,884,.png
0.058854825,304,125,06240909_proc_00885.png,3.869904995,63,57,151.7760686,4,,,11281.45922,885,.png
0.058921327,307,125,06240909_proc_00886.png,3.898924351,65,60,148.8123488,4,,,12252.21135,886,.png
0.05898783,309,126,06240909_proc_00887.png,3.615853071,65,58,160.6305397,4,,,11843.8043,887,.png
0.059054333,311,122,06240909_proc_00888.png,2.909075737,65,59,164.7603026,4,,,12048.00783,888,.png
0.059120835,312,122,06240909_proc_00889.png,2.04420805,59,52,168.002952,4,,,9638.406261,889,.png
0.059253841,297,119,06240909_proc_00891.png,1.618767738,54,47,146.598302,4,,,7973.362155,891,.png
0.059320343,298,121,06240909_proc_00892.png,2.14531517,60,55,136.9869486,4,,,10367.25576,892,.png
0.059386846,303,116,06240909_proc_00893.png,2.938691616,56,54,124.4043126,4,,,9500.176184,893,.png
0.059453348,303,119,06240909_proc_00894.png,3.386063576,57,55,124.8437055,4,,,9848.892969,894,.png
0.059519851,301,121,06240909_proc_00895.png,3.062437057,59,54,136.7535166,4,,,10009.11419,895,.png
0.059586354,298,122,06240909_proc_00896.png,2.52017355,63,57,168.9082338,4,,,11281.45922,896,.png
0.059652856,298,123,06240909_proc_00897.png,2.118997335,54,53,128.0409717,4,,,8991.238175,897,.png
0.059852364,309,129,06240909_proc_00900.png,1.709664345,54,49,112.2804297,4,,,8312.654161,900,.png
0.059918867,305,126,06240909_proc_00901.png,2.738433361,58,54,141.3340054,4,,,9839.468191,901,.png
0.059985369,305,124,06240909_proc_00902.png,3.138353586,58,56,130.7925681,4,,,10203.89294,902,.png
0.060051872,304,122,06240909_proc_00903.png,3.339548111,59,55,125.1792796,4,,,10194.46816,903,.png
0.060118375,304,121,06240909_proc_00904.png,3.117958069,61,56,143.5406654,4,,,10731.6805,904,.png
0.060184877,307,121,06240909_proc_00905.png,2.527555466,54,51,175.2801318,4,,,8651.946168,905,.png
0.06025138,308,129,06240909_proc_00906.png,1.83673358,48,43,64.63897053,4,,,6484.247237,906,.png
0.060384385,295,115,06240909_proc_00908.png,2.142109394,53,50,149.1277943,4,,,8325.220532,908,.png
0.060450888,297,119,06240909_proc_00909.png,2.550549269,59,55,153.6042849,4,,,10194.46816,909,.png
0.06051739,296,123,06240909_proc_00910.png,3.183032513,66,56,139.4114472,4,,,11611.32645,910,.png
0.060583893,299,120,06240909_proc_00911.png,3.312055349,65,55,156.434355,4,,,11231.19374,911,.png
0.060650396,297,121,06240909_proc_00912.png,3.332417011,61,53,147.5811833,4,,,10156.76905,912,.png
0.060716898,297,120,06240909_proc_00913.png,3.116977215,59,50,148.2645505,4,,,9267.698328,913,.png
0.060783401,298,115,06240909_proc_00914.png,2.12387681,49,42,135.4605003,4,,,6465.397681,914,.png
0.060982909,311,127,06240909_proc_00917.png,2.020460606,50,45,113.5872703,4,,,7068.583471,917,.png
0.061049411,309,118,06240909_proc_00918.png,3.229103804,53,50,136.0663723,4,,,8325.220532,918,.png
0.061115914,306,125,06240909_proc_00919.png,3.793012857,56,51,154.3666279,4,,,8972.388619,919,.png
0.061182417,306,127,06240909_proc_00920.png,4.000999451,60,54,162.8426963,4,,,10178.7602,920,.png
0.061248919,307,129,06240909_proc_00921.png,4.04945755,63,56,172.3718911,4,,,11083.53888,921,.png
0.061315422,310,128,06240909_proc_00922.png,3.063020706,60,54,32.18420654,4,,,10178.7602,922,.png
0.061381925,317,135,06240909_proc_00923.png,2.131342649,57,47,59.23049207,4,,,8416.326719,923,.png
0.06151493,301,127,06240909_proc_00925.png,1.94132185,53,43,9.199410185,4,,,7159.689658,925,.png
0.061581432,299,125,06240909_proc_00926.png,2.782645464,58,53,157.7049631,4,,,9657.255817,926,.png
0.061647935,298,123,06240909_proc_00927.png,3.171999931,62,56,142.0035245,4,,,10907.60969,927,.png
0.061714438,299,117,06240909_proc_00928.png,3.683985233,60,56,141.134721,4,,,10555.75132,928,.png
0.06178094,297,118,06240909_proc_00929.png,3.792328358,63,58,137.664015,4,,,11479.37956,929,.png
0.061847443,297,118,06240909_proc_00930.png,2.730793476,54,53,99.45680421,4,,,8991.238175,930,.png
0.061913946,293,119,06240909_proc_00931.png,1.879234791,51,49,107.9003319,4,,,7850.840041,931,.png
0.061980448,289,127,06240909_proc_00932.png,1.589148521,48,41,98.44482289,4,,,6182.654342,932,.png
0.062113453,304,126,06240909_proc_00934.png,1.907670259,52,48,84.7366519,4,,,7841.415263,934,.png
0.062179956,305,125,06240909_proc_00935.png,3.174825191,60,54,117.8681324,4,,,10178.7602,935,.png
0.062246459,304,126,06240909_proc_00936.png,3.534713507,60,54,129.5469123,4,,,10178.7602,936,.png
0.062312961,305,126,06240909_proc_00937.png,3.415669918,60,54,130.1086134,4,,,10178.7602,937,.png
0.062379464,306,127,06240909_proc_00938.png,3.186071873,59,55,111.6740729,4,,,10194.46816,938,.png
0.062445967,308,123,06240909_proc_00939.png,2.555454016,52,47,87.60171135,4,,,7678.052445,939,.png
0.062512469,312,127,06240909_proc_00940.png,1.7803545,48,37,91.14768784,4,,,5579.468553,940,.png
0.062645474,295,113,06240909_proc_00942.png,2.14768362,51,47,105.204825,4,,,7530.397591,942,.png
0.062711977,298,116,06240909_proc_00943.png,2.604648829,55,50,31.69430439,4,,,8639.379797,943,.png
0.06277848,299,120,06240909_proc_00944.png,3.747508764,64,56,167.4683062,4,,,11259.46807,944,.png
0.062844982,299,119,06240909_proc_00945.png,3.755123615,61,53,156.0310067,4,,,10156.76905,945,.png
0.062911485,298,123,06240909_proc_00946.png,3.58066535,61,54,153.7855632,4,,,10348.4062,946,.png
0.062977988,298,123,06240909_proc_00947.png,2.428214312,56,54,114.4229166,4,,,9500.176184,947,.png
0.06304449,292,122,06240909_proc_00948.png,1.519342661,46,42,120.1418818,4,,,6069.557007,948,.png
0.063243998,308,128,06240909_proc_00951.png,1.605153322,54,44,87.63851924,4,,,7464.424145,951,.png
0.063310501,308,125,06240909_proc_00952.png,2.528505087,59,53,82.51071374,4,,,9823.760228,952,.png
0.063377003,308,123,06240909_proc_00953.png,2.965885639,59,54,141.3924684,4,,,10009.11419,953,.png
0.063443506,309,123,06240909_proc_00954.png,3.313368082,62,55,130.7431277,4,,,10712.83095,954,.png
0.063510009,310,123,06240909_proc_00955.png,3.330066681,63,55,135.9651762,4,,,10885.61854,955,.png
0.063576511,311,127,06240909_proc_00956.png,2.362234592,58,50,30.3593849,4,,,9110.618695,956,.png
0.063643014,316,131,06240909_proc_00957.png,1.44006443,59,42,40.03539629,4,,,7784.866596,957,.png
0.063776019,283,117,06240909_proc_00959.png,1.491446495,49,43,65.77537058,4,,,6619.335721,959,.png
0.063842522,295,125,06240909_proc_00960.png,2.4691329,55,48,21.79105773,4,,,8293.804605,960,.png
0.063909024,299,127,06240909_proc_00961.png,2.980587244,56,53,21.04746698,4,,,9324.246996,961,.png
0.063975527,296,125,06240909_proc_00962.png,3.729637623,57,53,0.118775789,4,,,9490.751406,962,.png
0.06404203,297,121,06240909_proc_00963.png,3.503884315,58,53,17.21733254,4,,,9657.255817,963,.png
0.064108532,294,118,06240909_proc_00964.png,2.626859903,54,48,23.64999958,4,,,8143.008158,964,.png
0.064175035,292,113,06240909_proc_00965.png,1.844002962,47,43,81.95460657,4,,,6349.158753,965,.png
0.064374543,307,121,06240909_proc_00968.png,2.229822636,51,46,118.9550204,4,,,7370.176365,968,.png
0.064441045,307,125,06240909_proc_00969.png,2.781854868,56,52,137.2533191,4,,,9148.317807,969,.png
0.064507548,304,125,06240909_proc_00970.png,3.104079247,61,56,151.8809325,4,,,10731.6805,970,.png
0.064574051,307,127,06240909_proc_00971.png,3.575759172,64,57,164.1778617,4,,,11460.53,971,.png
0.064640553,309,129,06240909_proc_00972.png,3.215949535,61,56,143.2673349,4,,,10731.6805,972,.png
0.064707056,314,132,06240909_proc_00973.png,2.216710091,59,51,1.135794185,4,,,9453.052295,973,.png
0.064906564,290,123,06240909_proc_00976.png,1.658256054,51,47,86.55505316,4,,,7530.397591,976,.png
0.064973066,298,120,06240909_proc_00977.png,2.42183733,54,50,111.1082941,4,,,8482.300165,977,.png
0.065039569,298,116,06240909_proc_00978.png,3.233420849,59,55,158.1543776,4,,,10194.46816,978,.png
0.065106072,299,118,06240909_proc_00979.png,3.58089447,61,52,171.5794158,4,,,9965.131897,979,.png
0.065172574,298,120,06240909_proc_00980.png,3.202776909,59,50,170.4524243,4,,,9267.698328,980,.png
0.065239077,295,121,06240909_proc_00981.png,2.261961937,54,49,178.3692362,4,,,8312.654161,981,.png
0.06530558,289,123,06240909_proc_00982.png,1.529592276,51,47,115.1231271,4,,,7530.397591,982,.png
0.065505087,311,129,06240909_proc_00985.png,2.24248457,65,52,43.93515085,4,,,10618.58317,985,.png
0.06557159,311,129,06240909_proc_00986.png,3.053642273,67,54,157.5106203,4,,,11366.28222,986,.png
0.065638093,310,129,06240909_proc_00987.png,3.351521492,64,55,154.3402634,4,,,11058.40614,987,.png
0.065704595,311,127,06240909_proc_00988.png,3.654016733,66,57,147.1833282,4,,,11818.67156,988,.png
0.065771098,313,125,06240909_proc_00989.png,3.203193188,63,55,164.6433595,4,,,10885.61854,989,.png
0.065837601,313,123,06240909_proc_00990.png,2.366638422,60,50,171.1781857,4,,,9424.777961,990,.png
0.066037108,292,114,06240909_proc_00993.png,1.789648294,44,41,122.5593112,4,,,5667.433147,993,.png
0.066103611,296,118,06240909_proc_00994.png,2.507732391,57,48,171.0303505,4,,,8595.3975,994,.png
0.066170114,298,121,06240909_proc_00995.png,2.424212456,55,46,167.8433962,4,,,7948.229414,995,.png
0.066236616,296,125,06240909_proc_00996.png,2.856179237,58,52,163.8647129,4,,,9475.043443,996,.png
0.066303119,293,126,06240909_proc_00997.png,2.680639744,57,52,178.3015209,4,,,9311.680625,997,.png
0.066369622,292,122,06240909_proc_00998.png,2.52833581,57,53,164.1130585,4,,,9490.751406,998,.png
0.066436124,288,120,06240909_proc_00999.png,1.403236151,49,47,67.94674918,4,,,7235.087881,999,.png
0.066702135,309,124,06240909_proc_01003.png,2.477601528,59,50,56.46990377,4,,,9267.698328,1003,.png
0.066768637,304,121,06240909_proc_01004.png,3.336663723,62,52,173.5266349,4,,,10128.49472,1004,.png
0.06683514,306,121,06240909_proc_01005.png,3.606777191,63,54,10.45492873,4,,,10687.69821,1005,.png
0.066901643,310,125,06240909_proc_01006.png,2.829426289,59,50,23.9010244,4,,,9267.698328,1006,.png
0.067167653,288,123,06240909_proc_01010.png,1.296963215,48,46,47.31392932,4,,,6936.636579,1010,.png
0.067234156,292,124,06240909_proc_01011.png,2.380966187,54,49,156.2545946,4,,,8312.654161,1011,.png
0.067300658,297,127,06240909_proc_01012.png,2.928421259,62,52,172.9107038,4,,,10128.49472,1012,.png
0.067367161,300,126,06240909_proc_01013.png,3.331691742,61,53,3.951514164,4,,,10156.76905,1013,.png
0.067433664,295,122,06240909_proc_01014.png,2.82023716,54,47,169.0841804,4,,,7973.362155,1014,.png
0.067500166,292,119,06240909_proc_01015.png,2.621132374,55,48,167.5327772,4,,,8293.804605,1015,.png
0.067566669,287,116,06240909_proc_01016.png,1.777366638,42,38,110.9357362,4,,,5013.981875,1016,.png
0.067766177,307,124,06240909_proc_01019.png,2.30373621,53,45,23.2776928,4,,,7492.698479,1019,.png
0.067832679,309,126,06240909_proc_01020.png,3.270750284,61,55,174.7419223,4,,,10540.04335,1020,.png
0.067899182,307,126,06240909_proc_01021.png,3.670036793,64,55,2.68185222,4,,,11058.40614,1021,.png
0.067965685,308,127,06240909_proc_01022.png,3.894656181,66,57,164.3986731,4,,,11818.67156,1022,.png
0.068032187,310,128,06240909_proc_01023.png,3.102024794,61,53,168.5495328,4,,,10156.76905,1023,.png
0.06809869,312,125,06240909_proc_01024.png,2.141456366,59,48,28.70897214,4,,,8896.990395,1024,.png
0.068298198,292,123,06240909_proc_01027.png,1.448542118,46,43,129.0527174,4,,,6214.070269,1027,.png
0.0683647,297,122,06240909_proc_01028.png,2.586194038,54,47,163.3061349,4,,,7973.362155,1028,.png
0.068431203,297,119,06240909_proc_01029.png,2.959420919,61,52,170.0735273,4,,,9965.131897,1029,.png
0.068497706,299,120,06240909_proc_01030.png,3.155441284,61,52,162.2620909,4,,,9965.131897,1030,.png
0.068564208,295,120,06240909_proc_01031.png,2.982450008,57,51,171.629067,4,,,9132.609844,1031,.png
0.068630711,291,123,06240909_proc_01032.png,2.146847248,50,47,93.61509368,4,,,7382.742736,1032,.png
0.068697214,287,126,06240909_proc_01033.png,1.177438736,42,41,91.89568235,4,,,5409.822549,1033,.png
0.068896721,308,128,06240909_proc_01036.png,2.030727863,52,43,30.69189217,4,,,7024.601173,1036,.png
0.068963224,305,127,06240909_proc_01037.png,2.881286621,57,48,29.48288721,4,,,8595.3975,1037,.png
0.069029727,306,125,06240909_proc_01038.png,3.326377869,59,49,177.8267696,4,,,9082.344362,1038,.png
0.069096229,307,123,06240909_proc_01039.png,3.239006996,57,49,1.066802231,4,,,8774.468281,1039,.png
0.069162732,310,124,06240909_proc_01040.png,2.513821363,52,45,9.191729637,4,,,7351.326809,1040,.png
0.069428742,291,117,06240909_proc_01044.png,1.318987608,48,45,48.23506913,4,,,6785.840132,1044,.png
0.069495245,296,123,06240909_proc_01045.png,2.186811447,54,49,16.37459819,4,,,8312.654161,1045,.png
0.069561748,297,124,06240909_proc_01046.png,2.86771059,59,50,179.3643039,4,,,9267.698328,1046,.png
0.06962825,297,125,06240909_proc_01047.png,3.205118179,64,53,7.86990191,4,,,10656.28228,1047,.png
0.069694753,295,123,06240909_proc_01048.png,3.376208305,64,56,176.2246663,4,,,11259.46807,1048,.png
0.069761256,294,121,06240909_proc_01049.png,2.534344912,58,53,98.7831973,4,,,9657.255817,1049,.png
0.069827758,288,114,06240909_proc_01050.png,1.449142933,46,45,70.57221926,4,,,6503.096793,1050,.png
0.070027266,310,124,06240909_proc_01053.png,2.465106964,56,47,28.2285981,4,,,8268.671864,1053,.png
0.070093769,310,123,06240909_proc_01054.png,3.326777458,58,51,6.793855979,4,,,9292.831069,1054,.png
0.070160271,308,122,06240909_proc_01055.png,3.568893433,58,51,13.26633448,4,,,9292.831069,1055,.png
0.070226774,308,125,06240909_proc_01056.png,3.522075891,60,52,11.44920193,4,,,9801.769079,1056,.png
0.070293277,313,128,06240909_proc_01057.png,3.15545845,59,49,4.562577038,4,,,9082.344362,1057,.png
0.070559287,294,127,06240909_proc_01061.png,1.583539248,47,45,129.2589857,4,,,6644.468462,1061,.png
0.07062579,298,123,06240909_proc_01062.png,2.593548059,58,52,178.1442873,4,,,9475.043443,1062,.png
0.070692292,297,121,06240909_proc_01063.png,3.523453951,64,54,8.849333108,4,,,10857.34421,1063,.png
0.070758795,297,119,06240909_proc_01064.png,2.836261034,59,51,0.837069351,4,,,9453.052295,1064,.png
0.070825298,293,120,06240909_proc_01065.png,3.144076347,61,52,177.7802961,4,,,9965.131897,1065,.png
0.0708918,290,121,06240909_proc_01066.png,2.302997351,55,51,11.28646157,4,,,8812.167393,1066,.png
0.070958303,287,121,06240909_proc_01067.png,1.741800547,45,41,117.1477591,4,,,5796.238446,1067,.png
0.071157811,310,127,06240909_proc_01070.png,2.358866692,55,46,35.76410676,4,,,7948.229414,1070,.png
0.071224313,306,125,06240909_proc_01071.png,2.832609653,60,51,23.55245594,4,,,9613.27352,1071,.png
0.071290816,306,125,06240909_proc_01072.png,3.375021935,63,54,9.310882287,4,,,10687.69821,1072,.png
0.071357319,310,125,06240909_proc_01073.png,3.298322439,60,53,7.634521638,4,,,9990.264638,1073,.png
0.071423821,312,123,06240909_proc_01074.png,2.657972813,57,51,3.958098039,4,,,9132.609844,1074,.png
0.071689832,290,118,06240909_proc_01078.png,1.874280453,51,44,32.92478688,4,,,7049.733915,1078,.png
0.071756334,296,118,06240909_proc_01079.png,2.553551912,60,55,33.76993399,4,,,10367.25576,1079,.png
0.071822837,298,119,06240909_proc_01080.png,2.732936382,57,52,7.434238294,4,,,9311.680625,1080,.png
0.07188934,297,121,06240909_proc_01081.png,2.903205633,57,50,5.071143105,4,,,8953.539063,1081,.png
0.071955842,292,123,06240909_proc_01082.png,2.953142405,58,51,9.213023605,4,,,9292.831069,1082,.png
0.072022345,287,123,06240909_proc_01083.png,2.587028503,57,52,38.09216991,4,,,9311.680625,1083,.png
0.072088848,283,125,06240909_proc_01084.png,1.402975082,44,39,99.96382282,4,,,5390.972994,1084,.png
0.072288355,308,129,06240909_proc_01087.png,2.222661495,57,49,33.9798701,4,,,8774.468281,1087,.png
0.072354858,307,126,06240909_proc_01088.png,2.52985096,55,51,147.3435234,4,,,8812.167393,1088,.png
0.072421361,309,126,06240909_proc_01089.png,3.211829662,63,55,6.071974993,4,,,10885.61854,1089,.png
0.072487863,310,124,06240909_proc_01090.png,3.149458885,62,54,3.034408656,4,,,10518.0522,1090,.png
0.072554366,311,127,06240909_proc_01091.png,2.378941059,58,52,70.54769888,4,,,9475.043443,1091,.png
0.072620869,313,131,06240909_proc_01092.png,1.534615755,51,43,77.20113642,4,,,6889.512689,1092,.png
0.072820376,288,120,06240909_proc_01095.png,1.410914421,47,41,127.0741789,4,,,6053.849043,1095,.png
0.072886879,294,125,06240909_proc_01096.png,2.175345421,54,44,148.158447,4,,,7464.424145,1096,.png
0.072953382,297,125,06240909_proc_01097.png,2.663355112,58,49,167.3566283,4,,,8928.406322,1097,.png
0.073019884,294,124,06240909_proc_01098.png,2.954092026,56,48,2.717209975,4,,,8444.601053,1098,.png
0.073086387,293,122,06240909_proc_01099.png,2.748536825,55,50,19.15288179,4,,,8639.379797,1099,.png
0.07315289,290,117,06240909_proc_01100.png,2.324289322,53,49,91.41539028,4,,,8158.716121,1100,.png
0.073219392,288,115,06240909_proc_01101.png,1.74519062,45,41,49.62708217,4,,,5796.238446,1101,.png
0.0734189,306,124,06240909_proc_01104.png,1.636476517,44,40,94.81420169,4,,,5529.20307,1104,.png
0.073485403,305,122,06240909_proc_01105.png,2.28215313,53,49,112.0742468,4,,,8158.716121,1105,.png
0.073551905,305,126,06240909_proc_01106.png,2.616184473,59,51,128.3501061,4,,,9453.052295,1106,.png
0.073618408,307,127,06240909_proc_01107.png,2.683782578,55,50,131.8364464,4,,,8639.379797,1107,.png
0.073684911,308,129,06240909_proc_01108.png,2.24403286,53,49,51.7335774,4,,,8158.716121,1108,.png
0.073751413,313,129,06240909_proc_01109.png,1.419546604,49,39,29.89019871,4,,,6003.583561,1109,.png
0.073950921,288,124,06240909_proc_01112.png,1.586440802,49,44,161.6299808,4,,,6773.273761,1112,.png
0.074017424,297,121,06240909_proc_01113.png,2.436611652,52,49,120.5949556,4,,,8004.778081,1113,.png
0.074083926,298,118,06240909_proc_01114.png,3.229962111,58,53,149.8489803,4,,,9657.255817,1114,.png
0.074150429,298,118,06240909_proc_01115.png,3.30524826,58,51,168.8104392,4,,,9292.831069,1115,.png
0.074216932,296,121,06240909_proc_01116.png,2.868264198,57,51,5.5857223,4,,,9132.609844,1116,.png
0.074283434,294,124,06240909_proc_01117.png,2.113803387,50,47,166.9019964,4,,,7382.742736,1117,.png
0.074482942,311,128,06240909_proc_01120.png,1.775029659,61,41,49.37280789,4,,,7857.123227,1120,.png
0.074549445,309,127,06240909_proc_01121.png,2.297764778,56,48,176.6138759,4,,,8444.601053,1121,.png
0.074615947,308,125,06240909_proc_01122.png,2.684747219,60,52,9.358596281,4,,,9801.769079,1122,.png
0.07468245,309,124,06240909_proc_01123.png,2.976925135,61,54,170.5296763,4,,,10348.4062,1123,.png
0.074748953,310,121,06240909_proc_01124.png,2.838698387,63,55,169.9986095,4,,,10885.61854,1124,.png
0.074815455,311,122,06240909_proc_01125.png,2.396614552,57,51,8.38838157,4,,,9132.609844,1125,.png
0.075081466,297,117,06240909_proc_01129.png,1.631936789,49,42,85.18998522,4,,,6465.397681,1129,.png
0.075147968,297,116,06240909_proc_01130.png,2.358341455,56,51,173.1682147,4,,,8972.388619,1130,.png
0.075214471,296,120,06240909_proc_01131.png,3.184219837,63,52,171.6471072,4,,,10291.85753,1131,.png
0.075280974,296,121,06240909_proc_01132.png,3.322176933,65,54,163.8664477,4,,,11026.99021,1132,.png
0.075347476,296,123,06240909_proc_01133.png,2.809767008,58,53,175.1524051,4,,,9657.255817,1133,.png
0.075413979,295,122,06240909_proc_01134.png,2.213651896,51,49,86.26500235,4,,,7850.840041,1134,.png
0.075679989,305,123,06240909_proc_01138.png,2.100380421,49,44,166.3329887,4,,,6773.273761,1138,.png
0.075746492,304,122,06240909_proc_01139.png,2.518681049,52,51,104.7576457,4,,,8331.503717,1139,.png
0.075812995,307,122,06240909_proc_01140.png,2.723203421,54,51,26.17972577,4,,,8651.946168,1140,.png
0.075879497,310,125,06240909_proc_01141.png,2.393562794,56,52,54.02877709,4,,,9148.317807,1141,.png
0.075946,312,128,06240909_proc_01142.png,1.923247337,53,46,29.46359193,4,,,7659.202889,1142,.png
0.076012502,310,129,06240909_proc_01143.png,1.256593704,43,37,148.2707387,4,,,4998.273912,1143,.png
0.07621201,296,126,06240909_proc_01146.png,1.623093128,48,42,129.5548285,4,,,6333.45079,1146,.png
0.076278513,297,123,06240909_proc_01147.png,2.43168354,54,50,166.9166693,4,,,8482.300165,1147,.png
0.076345016,297,122,06240909_proc_01148.png,2.949064493,57,51,175.3348579,4,,,9132.609844,1148,.png
0.076411518,295,122,06240909_proc_01149.png,2.932724476,61,53,173.9297381,4,,,10156.76905,1149,.png
0.076478021,295,118,06240909_proc_01150.png,2.625370264,57,49,5.835550556,4,,,8774.468281,1150,.png
0.076544524,293,116,06240909_proc_01151.png,1.911444902,54,45,3.697074249,4,,,7634.070148,1151,.png
0.076611026,289,117,06240909_proc_01152.png,2.201419115,45,37,39.74559137,4,,,5230.751768,1152,.png
0.076744031,310,125,06240909_proc_01154.png,3.418232679,50,42,86.89665141,4,,,6597.344573,1154,.png
0.076810534,308,123,06240909_proc_01155.png,2.526024103,52,48,128.0850845,4,,,7841.415263,1155,.png
0.076877037,309,125,06240909_proc_01156.png,3.104247808,60,54,164.6632337,4,,,10178.7602,1156,.png
0.076943539,309,127,06240909_proc_01157.png,3.199599028,61,54,8.609047906,4,,,10348.4062,1157,.png
0.077010042,310,128,06240909_proc_01158.png,2.818182707,60,52,0.433466616,4,,,9801.769079,1158,.png
0.077076545,311,127,06240909_proc_01159.png,2.327465057,57,49,173.2912495,4,,,8774.468281,1159,.png
0.077143047,310,126,06240909_proc_01160.png,2.01677537,49,43,124.8482442,4,,,6619.335721,1160,.png
0.077342555,290,118,06240909_proc_01163.png,1.4616611,55,46,113.3025471,4,,,7948.229414,1163,.png
0.077409058,298,116,06240909_proc_01164.png,1.895290613,53,48,167.4101326,4,,,7992.211711,1164,.png
0.07747556,295,115,06240909_proc_01165.png,2.630343676,60,51,173.1993365,4,,,9613.27352,1165,.png
0.077542063,293,119,06240909_proc_01166.png,2.835891962,62,54,172.1006258,4,,,10518.0522,1166,.png
0.077608566,293,122,06240909_proc_01167.png,2.715001583,59,51,170.4842283,4,,,9453.052295,1167,.png
0.077675068,291,122,06240909_proc_01168.png,2.083151102,52,48,107.6134434,4,,,7841.415263,1168,.png
0.077874576,312,131,06240909_proc_01171.png,1.728056908,48,42,64.81229341,4,,,6333.45079,1171,.png
0.077941079,309,130,06240909_proc_01172.png,2.369611263,56,51,139.1511726,4,,,8972.388619,1172,.png
0.078007581,308,126,06240909_proc_01173.png,2.531469107,59,52,173.4908792,4,,,9638.406261,1173,.png
0.078074084,306,124,06240909_proc_01174.png,2.479760408,62,54,163.8491656,4,,,10518.0522,1174,.png
0.078140587,306,124,06240909_proc_01175.png,2.382248402,62,56,143.5452894,4,,,10907.60969,1175,.png
0.078207089,310,122,06240909_proc_01176.png,2.143030405,60,55,82.48111853,4,,,10367.25576,1176,.png
0.078273592,305,122,06240909_proc_01177.png,1.861257792,51,48,120.9985583,4,,,7690.618816,1177,.png
0.0784731,296,119,06240909_proc_01180.png,1.556120157,55,46,75.48992131,4,,,7948.229414,1180,.png
0.078539602,298,124,06240909_proc_01181.png,1.900284767,59,52,132.837233,4,,,9638.406261,1181,.png
0.078606105,297,125,06240909_proc_01182.png,2.495566845,60,54,150.584718,4,,,10178.7602,1182,.png
0.078672608,295,123,06240909_proc_01183.png,2.760857105,63,57,164.9669039,4,,,11281.45922,1183,.png
0.07873911,296,122,06240909_proc_01184.png,2.370228291,62,54,164.884525,4,,,10518.0522,1184,.png
0.078805613,292,120,06240909_proc_01185.png,1.586464405,54,47,55.64645617,4,,,7973.362155,1185,.png
0.079005121,306,125,06240909_proc_01188.png,1.790856361,57,49,38.59630958,4,,,8774.468281,1188,.png
0.079071623,306,119,06240909_proc_01189.png,2.231800556,61,51,10.17947744,4,,,9773.494745,1189,.png
0.079138126,307,118,06240909_proc_01190.png,3.018911123,63,54,2.693027903,4,,,10687.69821,1190,.png
0.079204629,310,121,06240909_proc_01191.png,3.401019096,65,55,11.83260094,4,,,11231.19374,1191,.png
0.079271131,309,124,06240909_proc_01192.png,2.945329428,63,53,15.17265394,4,,,10489.77787,1192,.png
0.079337634,306,126,06240909_proc_01193.png,2.358070374,60,52,25.61750045,4,,,9801.769079,1193,.png
0.079404136,305,128,06240909_proc_01194.png,2.007615089,55,46,36.61217037,4,,,7948.229414,1194,.png
0.079603644,294,127,06240909_proc_01197.png,1.698014975,54,47,155.5267628,4,,,7973.362155,1197,.png
0.079670147,299,124,06240909_proc_01198.png,2.179951668,58,51,157.3457088,4,,,9292.831069,1198,.png
0.07973665,296,122,06240909_proc_01199.png,2.488635063,61,52,164.0338522,4,,,9965.131897,1199,.png
0.079803152,294,119,06240909_proc_01200.png,2.743677616,59,52,171.1894786,4,,,9638.406261,1200,.png
0.079869655,294,119,06240909_proc_01201.png,2.128035784,58,51,174.3400395,4,,,9292.831069,1201,.png
0.079936157,293,121,06240909_proc_01202.png,1.641592026,54,47,156.3485371,4,,,7973.362155,1202,.png
0.080135665,309,115,06240909_proc_01205.png,1.376956463,54,46,168.59571,4,,,7803.716152,1205,.png
0.080202168,310,121,06240909_proc_01206.png,1.868636131,61,56,113.364169,4,,,10731.6805,1206,.png
0.080268671,310,120,06240909_proc_01207.png,2.418037891,63,57,135.1903493,4,,,11281.45922,1207,.png
0.080335173,308,122,06240909_proc_01208.png,2.476728439,59,56,19.78181415,4,,,10379.82213,1208,.png
0.080401676,308,120,06240909_proc_01209.png,2.492791653,60,56,48.38981048,4,,,10555.75132,1209,.png
0.080468178,309,119,06240909_proc_01210.png,2.034735203,57,51,98.5695763,4,,,9132.609844,1210,.png
0.080534681,308,116,06240909_proc_01211.png,1.486399174,49,46,105.6964757,4,,,7081.149841,1211,.png
0.080734189,294,118,06240909_proc_01214.png,1.899549961,58,50,128.9473583,4,,,9110.618695,1214,.png
0.080800692,298,118,06240909_proc_01215.png,2.631724358,61,57,117.0003842,4,,,10923.31766,1215,.png
0.080867194,298,119,06240909_proc_01216.png,3.108838081,63,57,154.8270475,4,,,11281.45922,1216,.png
0.080933697,299,119,06240909_proc_01217.png,3.19921422,65,56,170.7831225,4,,,11435.39726,1217,.png
0.0810002,299,123,06240909_proc_01218.png,2.44334197,62,55,159.5220342,4,,,10712.83095,1218,.png
0.081066702,297,129,06240909_proc_01219.png,1.721103191,56,49,164.6983801,4,,,8620.530241,1219,.png
0.08126621,305,126,06240909_proc_01222.png,2.06054163,52,47,111.6484665,4,,,7678.052445,1222,.png
0.081332713,308,125,06240909_proc_01223.png,2.380480528,57,52,146.3199547,4,,,9311.680625,1223,.png
0.081399215,308,123,06240909_proc_01224.png,2.541693687,58,53,138.7408114,4,,,9657.255817,1224,.png
0.081465718,307,120,06240909_proc_01225.png,2.689418793,59,55,129.5821663,4,,,10194.46816,1225,.png
0.081532221,307,120,06240909_proc_01226.png,2.515065193,59,54,121.6905658,4,,,10009.11419,1226,.png
0.081598723,307,120,06240909_proc_01227.png,2.044710875,56,52,136.9005057,4,,,9148.317807,1227,.png
0.081665226,305,123,06240909_proc_01228.png,1.702504396,53,48,120.3231482,4,,,7992.211711,1228,.png
0.081864734,299,125,06240909_proc_01231.png,1.768509865,51,48,67.51693904,4,,,7690.618816,1231,.png
0.081931236,300,123,06240909_proc_01232.png,2.445286512,60,54,164.7179862,4,,,10178.7602,1232,.png
0.081997739,298,125,06240909_proc_01233.png,3.002663374,65,57,177.6458857,4,,,11639.60078,1233,.png
0.082064242,300,124,06240909_proc_01234.png,3.044321537,70,60,10.19788224,4,,,13194.68915,1234,.png
0.082130744,298,124,06240909_proc_01235.png,2.500757694,62,56,9.497852739,4,,,10907.60969,1235,.png
0.082197247,297,123,06240909_proc_01236.png,2.150797606,57,55,25.53445389,4,,,9848.892969,1236,.png
0.082396755,305,118,06240909_proc_01239.png,1.678640604,54,50,156.1127162,4,,,8482.300165,1239,.png
0.082463257,311,117,06240909_proc_01240.png,1.918722391,58,52,173.7897034,4,,,9475.043443,1240,.png
0.08252976,306,118,06240909_proc_01241.png,2.203248024,63,57,16.6745596,4,,,11281.45922,1241,.png
0.082596263,305,119,06240909_proc_01242.png,2.207994223,64,59,166.2763698,4,,,11862.65386,1242,.png
0.082662765,305,120,06240909_proc_01243.png,2.033512592,59,54,131.744232,4,,,10009.11419,1243,.png
0.082729268,307,124,06240909_proc_01244.png,1.883436203,56,52,136.6031568,4,,,9148.317807,1244,.png
0.08279577,301,122,06240909_proc_01245.png,1.526990891,46,42,132.0663266,4,,,6069.557007,1245,.png
0.082995278,296,130,06240909_proc_01248.png,1.504805565,51,49,169.2995755,4,,,7850.840041,1248,.png
0.083061781,298,126,06240909_proc_01249.png,2.3152771,60,54,158.1993732,4,,,10178.7602,1249,.png
0.083128284,300,120,06240909_proc_01250.png,2.58060503,61,54,138.0013751,4,,,10348.4062,1250,.png
0.083194786,299,122,06240909_proc_01251.png,2.553202868,63,56,142.6314442,4,,,11083.53888,1251,.png
0.083261289,299,123,06240909_proc_01252.png,2.435279131,65,57,151.852536,4,,,11639.60078,1252,.png
0.083327791,298,128,06240909_proc_01253.png,1.710738182,55,50,156.2010818,4,,,8639.379797,1253,.png
0.083527299,307,116,06240909_proc_01256.png,1.314631939,56,50,6.604279809,4,,,8796.45943,1256,.png
0.083593802,308,121,06240909_proc_01257.png,1.871002197,60,54,178.9718478,4,,,10178.7602,1257,.png
0.083660305,308,120,06240909_proc_01258.png,2.218083382,63,57,167.7494683,4,,,11281.45922,1258,.png
0.083726807,307,119,06240909_proc_01259.png,2.343299627,64,58,160.5155894,4,,,11661.59193,1259,.png
0.08379331,306,119,06240909_proc_01260.png,2.092984915,60,54,168.6588551,4,,,10178.7602,1260,.png
0.083859812,307,117,06240909_proc_01261.png,1.617952824,55,52,164.4025459,4,,,8984.954989,1261,.png
0.083926315,306,116,06240909_proc_01262.png,1.024068356,49,46,127.236594,4,,,7081.149841,1262,.png
0.084125823,296,125,06240909_proc_01265.png,1.594284773,60,56,83.523542,4,,,10555.75132,1265,.png
0.084192326,299,125,06240909_proc_01266.png,2.308984995,62,55,166.8596151,4,,,10712.83095,1266,.png
0.084258828,301,124,06240909_proc_01267.png,2.719162464,66,57,170.641034,4,,,11818.67156,1267,.png
0.084325331,301,125,06240909_proc_01268.png,2.578893661,66,58,166.070782,4,,,12026.01668,1268,.png
0.084391833,301,125,06240909_proc_01269.png,2.192142248,61,53,4.714718648,4,,,10156.76905,1269,.png
0.084458336,300,130,06240909_proc_01270.png,1.577275991,51,46,39.26733127,4,,,7370.176365,1270,.png
0.084657844,306,112,06240909_proc_01273.png,1.639830589,49,46,109.0223407,4,,,7081.149841,1273,.png
0.084724347,307,113,06240909_proc_01274.png,1.752612352,58,54,162.4664109,4,,,9839.468191,1274,.png
0.084790849,306,114,06240909_proc_01275.png,2.247178316,59,55,161.5428447,4,,,10194.46816,1275,.png
0.084857352,307,116,06240909_proc_01276.png,2.259633541,64,57,7.129587524,4,,,11460.53,1276,.png
0.084923854,303,116,06240909_proc_01277.png,2.461955309,63,57,169.667779,4,,,11281.45922,1277,.png
0.084990357,302,114,06240909_proc_01278.png,1.938178778,58,54,115.7005035,4,,,9839.468191,1278,.png
0.08505686,301,115,06240909_proc_01279.png,1.530599594,48,44,70.4694454,4,,,6635.043684,1279,.png
0.085189865,296,123,06240909_proc_01281.png,1.602715015,48,43,67.90400586,4,,,6484.247237,1281,.png
0.085256368,297,126,06240909_proc_01282.png,1.739859581,57,52,109.0327841,4,,,9311.680625,1282,.png
0.08532287,299,125,06240909_proc_01283.png,2.428240538,59,55,136.0087323,4,,,10194.46816,1283,.png
0.085389373,301,124,06240909_proc_01284.png,2.524050951,61,55,163.9681902,4,,,10540.04335,1284,.png
0.085455876,301,123,06240909_proc_01285.png,2.617126942,60,53,174.7275456,4,,,9990.264638,1285,.png
0.085522378,301,123,06240909_proc_01286.png,2.408168554,58,54,53.35865015,4,,,9839.468191,1286,.png
0.085588881,302,129,06240909_proc_01287.png,1.520525932,51,47,51.60115027,4,,,7530.397591,1287,.png
0.085788389,301,113,06240909_proc_01290.png,1.513280392,49,48,71.34422188,4,,,7389.025921,1290,.png
0.085854891,306,119,06240909_proc_01291.png,2.029317856,59,55,125.879169,4,,,10194.46816,1291,.png
0.085921394,303,120,06240909_proc_01292.png,2.51195097,60,55,146.1786108,4,,,10367.25576,1292,.png
0.085987897,301,120,06240909_proc_01293.png,2.850389957,63,56,167.2204198,4,,,11083.53888,1293,.png
0.086054399,298,119,06240909_proc_01294.png,2.464681149,61,57,1.310204986,4,,,10923.31766,1294,.png
0.086120902,302,116,06240909_proc_01295.png,1.934810162,58,55,18.27082433,4,,,10021.68056,1295,.png
0.086386912,296,127,06240909_proc_01299.png,1.723272562,50,48,42.08236642,4,,,7539.822369,1299,.png
0.086453415,297,124,06240909_proc_01300.png,2.150369167,56,51,21.3186955,4,,,8972.388619,1300,.png
0.086519918,300,124,06240909_proc_01301.png,2.178016663,57,52,9.01522645,4,,,9311.680625,1301,.png
0.08658642,301,127,06240909_proc_01302.png,2.269348145,58,53,14.49685624,4,,,9657.255817,1302,.png
0.086652923,302,129,06240909_proc_01303.png,1.882374048,54,50,31.81513044,4,,,8482.300165,1303,.png
0.086719425,301,133,06240909_proc_01304.png,1.722798109,50,44,13.38555629,4,,,6911.503838,1304,.png
0.086918933,308,117,06240909_proc_01307.png,1.444734097,51,44,96.87680954,4,,,7049.733915,1307,.png
0.086985436,301,117,06240909_proc_01308.png,1.915677071,57,49,128.5799522,4,,,8774.468281,1308,.png
0.087051939,305,115,06240909_proc_01309.png,2.303314686,56,50,143.1655275,4,,,8796.45943,1309,.png
0.087118441,303,114,06240909_proc_01310.png,2.533535719,57,51,150.1645282,4,,,9132.609844,1310,.png
0.087184944,304,116,06240909_proc_01311.png,2.127851248,54,48,153.4795093,4,,,8143.008158,1311,.png
0.087251446,303,117,06240909_proc_01312.png,2.080929279,53,44,140.0021424,4,,,7326.194068,1312,.png
0.087317949,296,115,06240909_proc_01313.png,1.397969246,49,40,112.8074062,4,,,6157.521601,1313,.png
0.087517457,306,121,06240909_proc_01316.png,1.87974,50,44,76.45390006,4,,,6911.503838,1316,.png
0.08758396,306,123,06240909_proc_01317.png,2.326082706,54,51,87.0653161,4,,,8651.946168,1317,.png
0.087650462,304,125,06240909_proc_01318.png,2.548346043,55,52,106.9987674,4,,,8984.954989,1318,.png
0.087716965,307,125,06240909_proc_01319.png,2.352955341,58,53,135.5271323,4,,,9657.255817,1319,.png
0.087783467,307,124,06240909_proc_01320.png,2.041224003,54,48,19.93849015,4,,,8143.008158,1320,.png
0.08784997,308,127,06240909_proc_01321.png,1.6519835,46,40,27.17824478,4,,,5780.530483,1321,.png
0.088049478,301,110,06240909_proc_01324.png,1.654686689,49,43,147.7699629,4,,,6619.335721,1324,.png
0.088115981,300,114,06240909_proc_01325.png,2.086987972,55,47,146.6332418,4,,,8121.01701,1325,.png
0.088182483,305,117,06240909_proc_01326.png,2.231464386,58,52,155.9565627,4,,,9475.043443,1326,.png
0.088248986,302,118,06240909_proc_01327.png,2.424860001,62,56,155.3904169,4,,,10907.60969,1327,.png
0.088315488,301,119,06240909_proc_01328.png,2.279299259,59,53,153.2195574,4,,,9823.760228,1328,.png
0.088381991,295,119,06240909_proc_01329.png,2.117817879,52,47,109.6609702,4,,,7678.052445,1329,.png
0.088648002,302,132,06240909_proc_01333.png,1.73453927,44,41,127.3407544,4,,,5667.433147,1333,.png
0.088714504,304,128,06240909_proc_01334.png,1.986452341,50,46,127.473342,4,,,7225.663103,1334,.png
0.088781007,305,123,06240909_proc_01335.png,2.262648106,54,48,125.2961304,4,,,8143.008158,1335,.png
0.088847509,306,123,06240909_proc_01336.png,2.238120556,53,48,165.0675809,4,,,7992.211711,1336,.png
0.088914012,311,125,06240909_proc_01337.png,1.998296976,47,42,121.0039542,4,,,6201.503898,1337,.png
0.088980515,313,130,06240909_proc_01338.png,1.908717394,46,39,171.4352279,4,,,5636.017221,1338,.png
0.089180023,299,115,06240909_proc_01341.png,2.168524265,52,48,95.87262146,4,,,7841.415263,1341,.png
0.089246525,299,122,06240909_proc_01342.png,1.965554953,57,52,118.1524322,4,,,9311.680625,1342,.png
0.089313028,296,121,06240909_proc_01343.png,2.547946215,63,58,136.7677951,4,,,11479.37956,1343,.png
0.08937953,296,119,06240909_proc_01344.png,2.721825123,62,56,128.033923,4,,,10907.60969,1344,.png
0.089446033,297,117,06240909_proc_01345.png,2.394263268,57,51,149.394718,4,,,9132.609844,1345,.png
0.089512536,295,117,06240909_proc_01346.png,1.753114223,52,47,90.36657375,4,,,7678.052445,1346,.png
0.089712044,314,135,06240909_proc_01349.png,2.485440969,56,41,78.93432424,4,,,7213.096733,1349,.png
0.089778546,307,128,06240909_proc_01350.png,1.84140563,56,49,78.2876351,4,,,8620.530241,1350,.png
0.089845049,307,125,06240909_proc_01351.png,2.125450373,56,47,48.30640362,4,,,8268.671864,1351,.png
0.089911552,308,126,06240909_proc_01352.png,2.370514393,56,47,6.768038291,4,,,8268.671864,1352,.png
0.089978054,308,128,06240909_proc_01353.png,2.342270851,54,46,15.70027239,4,,,7803.716152,1353,.png
0.090044557,309,132,06240909_proc_01354.png,2.088012934,56,47,31.49658749,4,,,8268.671864,1354,.png
0.090111059,312,137,06240909_proc_01355.png,1.319524765,52,40,35.24491676,4,,,6534.512719,1355,.png
0.09037707,295,122,06240909_proc_01359.png,1.92876339,51,45,40.17864926,4,,,7209.95514,1359,.png
0.090443573,296,116,06240909_proc_01360.png,2.253548861,56,50,43.84407028,4,,,8796.45943,1360,.png
0.090510075,293,115,06240909_proc_01361.png,2.300986052,54,50,132.2170348,4,,,8482.300165,1361,.png
0.090576578,292,115,06240909_proc_01362.png,2.115437031,55,51,133.9965859,4,,,8812.167393,1362,.png
0.09064308,291,118,06240909_proc_01363.png,1.751138687,49,46,109.2943803,4,,,7081.149841,1363,.png
0.090709583,287,116,06240909_proc_01364.png,1.500566244,43,38,110.8913127,4,,,5133.362396,1364,.png
0.090909091,306,133,06240909_proc_01367.png,1.295441151,47,40,71.67787662,4,,,5906.194189,1367,.png
0.090975594,305,130,06240909_proc_01368.png,1.789475679,45,40,60.10223594,4,,,5654.866776,1368,.png
0.091042096,306,128,06240909_proc_01369.png,1.897429943,46,40,117.32587,4,,,5780.530483,1369,.png
0.091108599,308,128,06240909_proc_01370.png,1.775960684,46,41,12.47757826,4,,,5925.043745,1370,.png
0.091175101,309,129,06240909_proc_01371.png,1.56513834,51,45,50.6652197,4,,,7209.95514,1371,.png
0.091507615,297,114,06240909_proc_01376.png,1.672644615,47,41,110.2474239,4,,,6053.849043,1376,.png
0.091574117,296,118,06240909_proc_01377.png,2.249956369,55,49,76.0349226,4,,,8466.592201,1377,.png
0.09164062,294,120,06240909_proc_01378.png,2.055692434,53,48,69.99806673,4,,,7992.211711,1378,.png
0.091707122,290,120,06240909_proc_01379.png,1.993452311,52,46,53.56997279,4,,,7514.689627,1379,.png
0.091773625,286,119,06240909_proc_01380.png,1.512830257,49,45,102.2972067,4,,,6927.211801,1380,.png
0.092106138,309,131,06240909_proc_01385.png,1.37834692,54,45,27.75172796,4,,,7634.070148,1385,.png
0.092172641,312,127,06240909_proc_01386.png,1.507764816,55,46,28.74210539,4,,,7948.229414,1386,.png
0.092239143,312,127,06240909_proc_01387.png,1.328508854,55,45,43.32365426,4,,,7775.441818,1387,.png
0.092571657,294,118,06240909_proc_01392.png,1.053644419,41,32,38.94875418,4,,,4121.769562,1392,.png
0.092638159,290,121,06240909_proc_01393.png,1.192837238,41,36,123.8099222,4,,,4636.990757,1393,.png
0.092704662,290,121,06240909_proc_01394.png,1.716284513,52,49,62.46746898,4,,,8004.778081,1394,.png
0.092771164,288,120,06240909_proc_01395.png,1.879946232,53,50,79.84209053,4,,,8325.220532,1395,.png
0.092837667,289,116,06240909_proc_01396.png,1.762428045,50,44,77.93437088,4,,,6911.503838,1396,.png
0.09290417,286,114,06240909_proc_01397.png,1.617416382,45,38,77.0578732,4,,,5372.123438,1397,.png
0.093236683,310,132,06240909_proc_01402.png,1.470530987,44,40,143.2943039,4,,,5529.20307,1402,.png
0.093303185,308,132,06240909_proc_01403.png,1.55316782,45,39,173.4432212,4,,,5513.495107,1403,.png
0.093369688,309,132,06240909_proc_01404.png,1.444404602,45,40,12.34365276,4,,,5654.866776,1404,.png
0.093436191,317,133,06240909_proc_01405.png,1.175658703,44,39,174.3887114,4,,,5390.972994,1405,.png
0.093768704,289,116,06240909_proc_01410.png,1.347396851,46,40,151.7968717,4,,,5780.530483,1410,.png
0.093835206,291,116,06240909_proc_01411.png,1.686529636,47,42,138.0882278,4,,,6201.503898,1411,.png
0.093901709,290,116,06240909_proc_01412.png,1.854990005,50,44,75.50227029,4,,,6911.503838,1412,.png
0.093968212,288,117,06240909_proc_01413.png,1.512266397,45,39,136.2559681,4,,,5513.495107,1413,.png
0.094034714,284,119,06240909_proc_01414.png,1.039674282,45,36,4.991662755,4,,,5089.380099,1414,.png
0.094500233,308,126,06240909_proc_01421.png,1.383802891,50,40,30.20717755,4,,,6283.185307,1421,.png
0.094899249,284,113,06240909_proc_01427.png,1.335517168,44,39,121.381527,4,,,5390.972994,1427,.png
0.094965751,287,114,06240909_proc_01428.png,1.556171417,48,42,113.3714978,4,,,6333.45079,1428,.png
0.095032254,288,118,06240909_proc_01429.png,1.485587358,47,43,117.1501292,4,,,6349.158753,1429,.png
0.095098756,284,116,06240909_proc_01430.png,1.448876619,44,40,108.4768135,4,,,5529.20307,1430,.png
0.095165259,278,116,06240909_proc_01431.png,0.994485855,42,37,135.7887012,4,,,4882.034984,1431,.png
0.096029793,285,116,06240909_proc_01444.png,0.94279623,38,33,132.8095298,4,,,3939.557188,1444,.png
0.096096296,287,114,06240909_proc_01445.png,1.411216021,41,37,104.4704158,4,,,4765.796055,1445,.png
0.096162798,287,116,06240909_proc_01446.png,1.493801117,42,37,99.71639238,4,,,4882.034984,1446,.png
0.096229301,286,113,06240909_proc_01447.png,1.328083515,42,35,74.97907097,4,,,4618.141201,1447,.png
0.096295804,279,118,06240909_proc_01448.png,1.16465354,41,33,135.8613232,4,,,4250.57486,1448,.png
0.09722684,282,117,06240909_proc_01462.png,1.200027704,41,32,140.5948253,4,,,4121.769562,1462,.png
0.097293343,284,117,06240909_proc_01463.png,1.309963226,41,35,132.007365,4,,,4508.185458,1463,.png
0.097359846,279,119,06240909_proc_01464.png,1.159962177,41,34,130.7767459,4,,,4379.380159,1464,.png
0.098290882,280,117,06240909_proc_01478.png,1.097803593,38,32,136.4117271,4,,,3820.176667,1478,.png
0.098357385,279,117,06240909_proc_01479.png,1.241437912,36,32,130.6562819,4,,,3619.114737,1479,.png
0.098423888,279,114,06240909_proc_01480.png,1.253638029,39,32,139.1675582,4,,,3920.707632,1480,.png
0.09948793,284,115,06240909_proc_01496.png,1.306233883,41,34,139.2995414,4,,,4379.380159,1496,.png
0.099554432,282,114,06240909_proc_01497.png,1.27416563,41,33,138.8330702,4,,,4250.57486,1497,.png
0.099620935,282,116,06240909_proc_01498.png,1.233550549,41,32,137.049619,4,,,4121.769562,1498,.png
0.100618474,279,115,06240909_proc_01513.png,0.927240849,36,32,165.9906477,4,,,3619.114737,1513,.png
0.100684977,282,117,06240909_proc_01514.png,0.892463207,36,31,136.241232,4,,,3506.017401,1514,.png
0.10075148,284,121,06240909_proc_01515.png,0.935957909,38,30,147.9608155,4,,,3581.415625,1515,.png
0.101682516,282,117,06240909_proc_01529.png,0.733463287,37,30,163.3556537,4,,,3487.167845,1529,.png
0.101749019,285,115,06240909_proc_01530.png,0.896385193,39,31,157.0242067,4,,,3798.185518,1530,.png
0.101815522,284,112,06240909_proc_01531.png,1.025032997,39,33,141.9140148,4,,,4043.229745,1531,.png
0.105140653,278,111,06240909_proc_01581.png,0.781027794,36,30,142.9800708,4,,,3392.920066,1581,.png
0.105207156,280,111,06240909_proc_01582.png,1.019461632,39,32,139.356348,4,,,3920.707632,1582,.png
0.115249052,293,114,06240909_proc_01733.png,1.256919146,38,32,141.0567271,4,,,3820.176667,1733,.png
0.115315555,289,115,06240909_proc_01734.png,1.283247471,45,37,165.7269895,4,,,5230.751768,1734,.png
0.115382058,287,118,06240909_proc_01735.png,1.275806189,45,40,120.3136953,4,,,5654.866776,1735,.png
0.116512602,290,117,06240909_proc_01752.png,1.774301052,45,38,82.02849555,4,,,5372.123438,1752,.png
0.116978121,310,135,06240909_proc_01759.png,1.771936655,58,48,73.82674976,4,,,8746.193948,1759,.png
0.117044623,307,136,06240909_proc_01760.png,1.71596384,54,45,78.78321313,4,,,7634.070148,1760,.png
0.117111126,305,141,06240909_proc_01761.png,1.451956749,50,40,76.98996063,4,,,6283.185307,1761,.png
0.117177629,316,148,06240909_proc_01762.png,1.422440767,53,42,103.2182372,4,,,6993.185247,1762,.png
0.117510142,292,118,06240909_proc_01767.png,1.754047394,54,44,42.10751518,4,,,7464.424145,1767,.png
0.117576644,295,115,06240909_proc_01768.png,1.596168518,46,43,41.10605235,4,,,6214.070269,1768,.png
0.117643147,300,112,06240909_proc_01769.png,1.483630657,47,42,50.02856069,4,,,6201.503898,1769,.png
0.11770965,299,111,06240909_proc_01770.png,1.403157473,49,46,77.63493539,4,,,7081.149841,1770,.png
0.118175168,298,130,06240909_proc_01777.png,1.542035103,49,43,109.5972924,4,,,6619.335721,1777,.png
0.118640686,302,111,06240909_proc_01784.png,1.784422398,49,40,133.9793841,4,,,6157.521601,1784,.png
0.118707189,303,114,06240909_proc_01785.png,1.453926086,45,38,141.0412191,4,,,5372.123438,1785,.png
0.118773692,301,116,06240909_proc_01786.png,1.664168835,44,40,160.9570672,4,,,5529.20307,1786,.png
0.119172707,306,129,06240909_proc_01792.png,1.326394558,46,42,138.5435214,4,,,6069.557007,1792,.png
0.11923921,302,130,06240909_proc_01793.png,1.007277727,49,44,57.58740127,4,,,6773.273761,1793,.png
0.119305713,303,128,06240909_proc_01794.png,1.141578674,47,43,135.8294706,4,,,6349.158753,1794,.png
0.119372215,302,133,06240909_proc_01795.png,1.125011206,51,43,69.77361305,4,,,6889.512689,1795,.png
0.119904236,298,110,06240909_proc_01803.png,1.518717289,50,44,112.8565152,4,,,6911.503838,1803,.png
0.120436257,300,135,06240909_proc_01811.png,1.471584082,47,42,152.5809876,4,,,6201.503898,1811,.png
0.121500299,296,131,06240909_proc_01827.png,1.501705885,52,46,126.0954743,4,,,7514.689627,1827,.png
0.121566802,295,134,06240909_proc_01828.png,1.416762829,49,43,71.54981741,4,,,6619.335721,1828,.png
0.121633305,295,134,06240909_proc_01829.png,1.561239719,49,44,81.50507084,4,,,6773.273761,1829,.png
0.121699807,294,131,06240909_proc_01830.png,1.445919991,49,46,50.88046628,4,,,7081.149841,1830,.png
0.123229368,308,119,06240909_proc_01853.png,1.255295753,43,38,0.22474452,4,,,5133.362396,1853,.png
0.123694886,285,129,06240909_proc_01860.png,1.582859039,62,56,61.62588039,4,,,10907.60969,1860,.png
0.123761389,287,134,06240909_proc_01861.png,1.015518665,53,49,61.08251835,4,,,8158.716121,1861,.png
0.123827891,288,135,06240909_proc_01862.png,1.088901758,53,48,43.22683633,4,,,7992.211711,1862,.png
0.123894394,287,133,06240909_proc_01863.png,1.085361481,55,48,47.48780886,4,,,8293.804605,1863,.png
0.123960896,280,130,06240909_proc_01864.png,1.09423852,56,49,47.86356148,4,,,8620.530241,1864,.png
0.126088981,289,126,06240909_proc_01896.png,1.315216541,52,46,23.63743544,4,,,7514.689627,1896,.png